rho,l,C11,C12,C44,duration,name,material,R,z1,l/R,Ct,eta1,eta2,eta3,eta4,eta5,eta6,count_eta1,count_eta2,count_eta3,count_eta4,count_eta5,count_eta6,link
3.515,2.0,1280000000.0,124000000.0,578000000.0,14829.828164,CaCube_8.05_2.0_20250428-105421,Carbonium,4.993822858247082,0.0,0.4004947826086956,12823.342868880141,0.1726301,0.1728958,0.1731888,0.1734534,0.1740367,0.1791922,3,2,3,3,1,1,https://zibramax.github.io/FEMViewer/?mesh=https://raw.githubusercontent.com/ZibraMax/non-local-frequencies-nanostructures/refs/heads/main/Cubos\CaCube_8.05_2.0_0.0_20250428-105421.json&mode=6&magnif=6
3.515,2.0,1280000000.0,124000000.0,578000000.0,14829.828164,CaCube_8.05_2.0_20250428-105421,Carbonium,4.993822858247082,0.1,0.4004947826086956,12823.342868880141,0.7670178,1.0190282,1.0343028,1.0549099,1.0610198,1.0909871,2,3,1,3,3,1,https://zibramax.github.io/FEMViewer/?mesh=https://raw.githubusercontent.com/ZibraMax/non-local-frequencies-nanostructures/refs/heads/main/Cubos\CaCube_8.05_2.0_0.1_20250428-105421.json&mode=6&magnif=6
3.515,2.0,1280000000.0,124000000.0,578000000.0,14829.828164,CaCube_8.05_2.0_20250428-105421,Carbonium,4.993822858247082,0.2,0.4004947826086956,12823.342868880141,0.9446539,1.2556822,1.3181353,1.3501165,1.3582308,1.4272591,2,3,3,1,3,1,https://zibramax.github.io/FEMViewer/?mesh=https://raw.githubusercontent.com/ZibraMax/non-local-frequencies-nanostructures/refs/heads/main/Cubos\CaCube_8.05_2.0_0.2_20250428-105421.json&mode=6&magnif=6
3.515,2.0,1280000000.0,124000000.0,578000000.0,14829.828164,CaCube_8.05_2.0_20250428-105421,Carbonium,4.993822858247082,0.3,0.4004947826086956,12823.342868880141,1.0889283,1.4463449,1.5228279,1.5904799,1.6045408,1.6769592,2,3,3,3,1,1,https://zibramax.github.io/FEMViewer/?mesh=https://raw.githubusercontent.com/ZibraMax/non-local-frequencies-nanostructures/refs/heads/main/Cubos\CaCube_8.05_2.0_0.3_20250428-105421.json&mode=6&magnif=6
3.515,2.0,1280000000.0,124000000.0,578000000.0,14829.828164,CaCube_8.05_2.0_20250428-105421,Carbonium,4.993822858247082,0.4,0.4004947826086956,12823.342868880141,1.2148139,1.6125671,1.700442,1.765462,1.8237155,1.8635753,2,3,3,3,1,1,https://zibramax.github.io/FEMViewer/?mesh=https://raw.githubusercontent.com/ZibraMax/non-local-frequencies-nanostructures/refs/heads/main/Cubos\CaCube_8.05_2.0_0.4_20250428-105421.json&mode=6&magnif=6
3.515,2.0,1280000000.0,124000000.0,578000000.0,14829.828164,CaCube_8.05_2.0_20250428-105421,Carbonium,4.993822858247082,0.5,0.4004947826086956,12823.342868880141,1.3282613,1.7623784,1.8601401,1.9051138,2.0192031,2.0464868,2,3,3,3,1,1,https://zibramax.github.io/FEMViewer/?mesh=https://raw.githubusercontent.com/ZibraMax/non-local-frequencies-nanostructures/refs/heads/main/Cubos\CaCube_8.05_2.0_0.5_20250428-105421.json&mode=6&magnif=6
3.515,2.0,1280000000.0,124000000.0,578000000.0,14829.828164,CaCube_8.05_2.0_20250428-105421,Carbonium,4.993822858247082,0.6,0.4004947826086956,12823.342868880141,1.4324754,1.9000279,2.006669,2.0279325,2.1973507,2.2184242,2,3,3,3,1,1,https://zibramax.github.io/FEMViewer/?mesh=https://raw.githubusercontent.com/ZibraMax/non-local-frequencies-nanostructures/refs/heads/main/Cubos\CaCube_8.05_2.0_0.6_20250428-105421.json&mode=6&magnif=6
3.515,2.0,1280000000.0,124000000.0,578000000.0,14829.828164,CaCube_8.05_2.0_20250428-105421,Carbonium,4.993822858247082,0.7,0.4004947826086956,12823.342868880141,1.5294508,2.028145,2.1406323,2.142927,2.3620916,2.379254,2,3,3,3,1,1,https://zibramax.github.io/FEMViewer/?mesh=https://raw.githubusercontent.com/ZibraMax/non-local-frequencies-nanostructures/refs/heads/main/Cubos\CaCube_8.05_2.0_0.7_20250428-105421.json&mode=6&magnif=6
3.515,2.0,1280000000.0,124000000.0,578000000.0,14829.828164,CaCube_8.05_2.0_20250428-105421,Carbonium,4.993822858247082,0.8,0.4004947826086956,12823.342868880141,1.6205398,2.148509,2.2460566,2.2708585,2.5160637,2.5303984,2,3,3,3,1,1,https://zibramax.github.io/FEMViewer/?mesh=https://raw.githubusercontent.com/ZibraMax/non-local-frequencies-nanostructures/refs/heads/main/Cubos\CaCube_8.05_2.0_0.8_20250428-105421.json&mode=6&magnif=6
3.515,2.0,1280000000.0,124000000.0,578000000.0,14829.828164,CaCube_8.05_2.0_20250428-105421,Carbonium,4.993822858247082,0.9,0.4004947826086956,12823.342868880141,1.7067137,2.2623972,2.3457681,2.3918512,2.6611385,2.6701496,2,3,3,3,1,1,https://zibramax.github.io/FEMViewer/?mesh=https://raw.githubusercontent.com/ZibraMax/non-local-frequencies-nanostructures/refs/heads/main/Cubos\CaCube_8.05_2.0_0.9_20250428-105421.json&mode=6&magnif=6
3.515,2.0,1280000000.0,124000000.0,578000000.0,14829.828164,CaCube_8.05_2.0_20250428-105421,Carbonium,4.993822858247082,1.0,0.4004947826086956,12823.342868880141,1.7886997,2.3707658,2.4407697,2.5069395,2.7719216,2.798701,2,3,3,3,2,1,https://zibramax.github.io/FEMViewer/?mesh=https://raw.githubusercontent.com/ZibraMax/non-local-frequencies-nanostructures/refs/heads/main/Cubos\CaCube_8.05_2.0_1.0_20250428-105421.json&mode=6&magnif=6
3.515,5.0,1280000000.0,124000000.0,578000000.0,14828.138942,CaCube_8.05_5.0_20250428-105421,Carbonium,4.993822858247082,0.0,1.001236956521739,12823.342868880141,0.0278463,0.0278488,0.0279002,0.0279686,0.0280518,0.0289858,3,2,3,3,1,1,https://zibramax.github.io/FEMViewer/?mesh=https://raw.githubusercontent.com/ZibraMax/non-local-frequencies-nanostructures/refs/heads/main/Cubos\CaCube_8.05_5.0_0.0_20250428-105421.json&mode=6&magnif=6
3.515,5.0,1280000000.0,124000000.0,578000000.0,14828.138942,CaCube_8.05_5.0_20250428-105421,Carbonium,4.993822858247082,0.1,1.001236956521739,12823.342868880141,0.5881867,0.7810025,0.8243658,0.8786942,0.8933754,0.9114736,2,3,3,3,1,1,https://zibramax.github.io/FEMViewer/?mesh=https://raw.githubusercontent.com/ZibraMax/non-local-frequencies-nanostructures/refs/heads/main/Cubos\CaCube_8.05_5.0_0.1_20250428-105421.json&mode=6&magnif=6
3.515,5.0,1280000000.0,124000000.0,578000000.0,14828.138942,CaCube_8.05_5.0_20250428-105421,Carbonium,4.993822858247082,0.2,1.001236956521739,12823.342868880141,0.8144192,1.0803366,1.1414672,1.1736499,1.2568811,1.2662035,2,3,3,3,1,1,https://zibramax.github.io/FEMViewer/?mesh=https://raw.githubusercontent.com/ZibraMax/non-local-frequencies-nanostructures/refs/heads/main/Cubos\CaCube_8.05_5.0_0.2_20250428-105421.json&mode=6&magnif=6
3.515,5.0,1280000000.0,124000000.0,578000000.0,14828.138942,CaCube_8.05_5.0_20250428-105421,Carbonium,4.993822858247082,0.3,1.001236956521739,12823.342868880141,0.9901401,1.3129851,1.3877467,1.3988841,1.5366764,1.5452849,2,3,3,3,1,1,https://zibramax.github.io/FEMViewer/?mesh=https://raw.githubusercontent.com/ZibraMax/non-local-frequencies-nanostructures/refs/heads/main/Cubos\CaCube_8.05_5.0_0.3_20250428-105421.json&mode=6&magnif=6
3.515,5.0,1280000000.0,124000000.0,578000000.0,14828.138942,CaCube_8.05_5.0_20250428-105421,Carbonium,4.993822858247082,0.4,1.001236956521739,12823.342868880141,1.1390438,1.5101794,1.5910106,1.596438,1.77285,1.7814557,2,3,3,3,1,1,https://zibramax.github.io/FEMViewer/?mesh=https://raw.githubusercontent.com/ZibraMax/non-local-frequencies-nanostructures/refs/heads/main/Cubos\CaCube_8.05_5.0_0.4_20250428-105421.json&mode=6&magnif=6
3.515,5.0,1280000000.0,124000000.0,578000000.0,14828.138942,CaCube_8.05_5.0_20250428-105421,Carbonium,4.993822858247082,0.5,1.001236956521739,12823.342868880141,1.270607,1.6844339,1.7617592,1.7808255,1.9810652,1.9898636,2,3,3,3,1,1,https://zibramax.github.io/FEMViewer/?mesh=https://raw.githubusercontent.com/ZibraMax/non-local-frequencies-nanostructures/refs/heads/main/Cubos\CaCube_8.05_5.0_0.5_20250428-105421.json&mode=6&magnif=6
3.515,5.0,1280000000.0,124000000.0,578000000.0,14828.138942,CaCube_8.05_5.0_20250428-105421,Carbonium,4.993822858247082,0.6,1.001236956521739,12823.342868880141,1.3897669,1.8422743,1.9171063,1.9478296,2.1693873,2.1784519,2,3,3,3,1,1,https://zibramax.github.io/FEMViewer/?mesh=https://raw.githubusercontent.com/ZibraMax/non-local-frequencies-nanostructures/refs/heads/main/Cubos\CaCube_8.05_5.0_0.6_20250428-105421.json&mode=6&magnif=6
3.515,5.0,1280000000.0,124000000.0,578000000.0,14828.138942,CaCube_8.05_5.0_20250428-105421,Carbonium,4.993822858247082,0.7,1.001236956521739,12823.342868880141,1.4994851,1.987617,2.0606395,2.1016011,2.3426188,2.3447154,2,3,3,3,1,1,https://zibramax.github.io/FEMViewer/?mesh=https://raw.githubusercontent.com/ZibraMax/non-local-frequencies-nanostructures/refs/heads/main/Cubos\CaCube_8.05_5.0_0.7_20250428-105421.json&mode=6&magnif=6
3.515,5.0,1280000000.0,124000000.0,578000000.0,14828.138942,CaCube_8.05_5.0_20250428-105421,Carbonium,4.993822858247082,0.8,1.001236956521739,12823.342868880141,1.6017038,2.1230313,2.1947259,2.244862,2.4953594,2.5038939,2,3,3,3,2,1,https://zibramax.github.io/FEMViewer/?mesh=https://raw.githubusercontent.com/ZibraMax/non-local-frequencies-nanostructures/refs/heads/main/Cubos\CaCube_8.05_5.0_0.8_20250428-105421.json&mode=6&magnif=6
3.515,5.0,1280000000.0,124000000.0,578000000.0,14828.138942,CaCube_8.05_5.0_20250428-105421,Carbonium,4.993822858247082,0.9,1.001236956521739,12823.342868880141,1.6977785,2.2503106,2.3210282,2.379512,2.6373029,2.6553919,2,3,3,3,2,1,https://zibramax.github.io/FEMViewer/?mesh=https://raw.githubusercontent.com/ZibraMax/non-local-frequencies-nanostructures/refs/heads/main/Cubos\CaCube_8.05_5.0_0.9_20250428-105421.json&mode=6&magnif=6
3.515,5.0,1280000000.0,124000000.0,578000000.0,14828.138942,CaCube_8.05_5.0_20250428-105421,Carbonium,4.993822858247082,1.0,1.001236956521739,12823.342868880141,1.7886997,2.3707658,2.4407697,2.5069395,2.7719216,2.798701,2,3,3,3,2,1,https://zibramax.github.io/FEMViewer/?mesh=https://raw.githubusercontent.com/ZibraMax/non-local-frequencies-nanostructures/refs/heads/main/Cubos\CaCube_8.05_5.0_1.0_20250428-105421.json&mode=6&magnif=6
2.329,2.0,223100000.0,63900000.0,79600000.0,124.17652,Cube_5.0_2.0,Siliconium,3.101753328103777,0.0,0.6447966,5846.174706140654,0.1764929,0.1801813,0.1824017,0.1829672,0.1832048,0.1911719,2,3,1,3,3,1,https://zibramax.github.io/FEMViewer/?mesh=https://raw.githubusercontent.com/ZibraMax/non-local-frequencies-nanostructures/refs/heads/main/Cubos\Cube_5.0_2.0_0.0_20250427-232746.json&mode=6&magnif=6
2.329,2.0,223100000.0,63900000.0,79600000.0,124.17652,Cube_5.0_2.0,Siliconium,3.101753328103777,0.1,0.6447966,5846.174706140654,0.6739904,0.9140201,0.9974039,1.0055892,1.0546557,1.1228769,2,3,1,3,3,1,https://zibramax.github.io/FEMViewer/?mesh=https://raw.githubusercontent.com/ZibraMax/non-local-frequencies-nanostructures/refs/heads/main/Cubos\Cube_5.0_2.0_0.1_20250427-232746.json&mode=6&magnif=6
2.329,2.0,223100000.0,63900000.0,79600000.0,124.17652,Cube_5.0_2.0,Siliconium,3.101753328103777,0.2,0.6447966,5846.174706140654,0.8927173,1.2068414,1.3454118,1.3821436,1.3995503,1.4390758,2,3,3,1,3,1,https://zibramax.github.io/FEMViewer/?mesh=https://raw.githubusercontent.com/ZibraMax/non-local-frequencies-nanostructures/refs/heads/main/Cubos\Cube_5.0_2.0_0.2_20250427-232746.json&mode=6&magnif=6
2.329,2.0,223100000.0,63900000.0,79600000.0,124.17652,Cube_5.0_2.0,Siliconium,3.101753328103777,0.3,0.6447966,5846.174706140654,1.066574,1.4405051,1.5731945,1.673297,1.6809928,1.7205894,2,3,3,3,1,1,https://zibramax.github.io/FEMViewer/?mesh=https://raw.githubusercontent.com/ZibraMax/non-local-frequencies-nanostructures/refs/heads/main/Cubos\Cube_5.0_2.0_0.3_20250427-232746.json&mode=6&magnif=6
2.329,2.0,223100000.0,63900000.0,79600000.0,124.17652,Cube_5.0_2.0,Siliconium,3.101753328103777,0.4,0.6447966,5846.174706140654,1.2155951,1.6410417,1.7594669,1.9078126,1.9342001,1.9690072,2,3,3,3,1,1,https://zibramax.github.io/FEMViewer/?mesh=https://raw.githubusercontent.com/ZibraMax/non-local-frequencies-nanostructures/refs/heads/main/Cubos\Cube_5.0_2.0_0.4_20250427-232746.json&mode=6&magnif=6
2.329,2.0,223100000.0,63900000.0,79600000.0,124.17652,Cube_5.0_2.0,Siliconium,3.101753328103777,0.5,0.6447966,5846.174706140654,1.3481614,1.8195404,1.9241949,2.1163711,2.1513176,2.1578957,2,3,3,3,2,1,https://zibramax.github.io/FEMViewer/?mesh=https://raw.githubusercontent.com/ZibraMax/non-local-frequencies-nanostructures/refs/heads/main/Cubos\Cube_5.0_2.0_0.5_20250427-232746.json&mode=6&magnif=6
2.329,2.0,223100000.0,63900000.0,79600000.0,124.17652,Cube_5.0_2.0,Siliconium,3.101753328103777,0.6,0.6447966,5846.174706140654,1.4687729,1.9819963,2.0743881,2.306085,2.3103334,2.3604857,2,3,3,3,2,1,https://zibramax.github.io/FEMViewer/?mesh=https://raw.githubusercontent.com/ZibraMax/non-local-frequencies-nanostructures/refs/heads/main/Cubos\Cube_5.0_2.0_0.6_20250427-232746.json&mode=6&magnif=6
2.329,2.0,223100000.0,63900000.0,79600000.0,124.17652,Cube_5.0_2.0,Siliconium,3.101753328103777,0.7,0.6447966,5846.174706140654,1.5801845,2.1320925,2.2136556,2.4587359,2.4813042,2.5470119,2,3,3,2,3,1,https://zibramax.github.io/FEMViewer/?mesh=https://raw.githubusercontent.com/ZibraMax/non-local-frequencies-nanostructures/refs/heads/main/Cubos\Cube_5.0_2.0_0.7_20250427-232746.json&mode=6&magnif=6
2.329,2.0,223100000.0,63900000.0,79600000.0,124.17652,Cube_5.0_2.0,Siliconium,3.101753328103777,0.8,0.6447966,5846.174706140654,1.6842301,2.2722856,2.3442292,2.598484,2.6449223,2.7207801,2,3,3,2,3,1,https://zibramax.github.io/FEMViewer/?mesh=https://raw.githubusercontent.com/ZibraMax/non-local-frequencies-nanostructures/refs/heads/main/Cubos\Cube_5.0_2.0_0.8_20250427-232746.json&mode=6&magnif=6
2.329,2.0,223100000.0,63900000.0,79600000.0,124.17652,Cube_5.0_2.0,Siliconium,3.101753328103777,0.9,0.6447966,5846.174706140654,1.7822042,2.4043117,2.4676329,2.7309734,2.7989804,2.8840974,2,3,3,2,3,1,https://zibramax.github.io/FEMViewer/?mesh=https://raw.githubusercontent.com/ZibraMax/non-local-frequencies-nanostructures/refs/heads/main/Cubos\Cube_5.0_2.0_0.9_20250427-232746.json&mode=6&magnif=6
2.329,2.0,223100000.0,63900000.0,79600000.0,124.17652,Cube_5.0_2.0,Siliconium,3.101753328103777,1.0,0.6447966,5846.174706140654,1.8750608,2.5294517,2.5849736,2.8572501,2.9449825,3.0386495,2,3,3,2,3,1,https://zibramax.github.io/FEMViewer/?mesh=https://raw.githubusercontent.com/ZibraMax/non-local-frequencies-nanostructures/refs/heads/main/Cubos\Cube_5.0_2.0_1.0_20250427-232746.json&mode=6&magnif=6
5.323,2.0,182500000.0,48300000.0,67100000.0,14781.461569,GermCube_8.05_2.0_20250428-105451,Germanium,4.993822858247082,0.0,0.4004947826086956,3550.4469426244787,0.1772827,0.1775481,0.1777622,0.1778917,0.1782931,0.1838027,3,2,3,3,1,1,https://zibramax.github.io/FEMViewer/?mesh=https://raw.githubusercontent.com/ZibraMax/non-local-frequencies-nanostructures/refs/heads/main/Cubos\GermCube_8.05_2.0_0.0_20250428-105451.json&mode=6&magnif=6
5.323,2.0,182500000.0,48300000.0,67100000.0,14781.461569,GermCube_8.05_2.0_20250428-105451,Germanium,4.993822858247082,0.1,0.4004947826086956,3550.4469426244787,0.7674495,1.0351932,1.039029,1.0869267,1.1432249,1.1748103,2,1,3,3,3,1,https://zibramax.github.io/FEMViewer/?mesh=https://raw.githubusercontent.com/ZibraMax/non-local-frequencies-nanostructures/refs/heads/main/Cubos\GermCube_8.05_2.0_0.1_20250428-105451.json&mode=6&magnif=6
5.323,2.0,182500000.0,48300000.0,67100000.0,14781.461569,GermCube_8.05_2.0_20250428-105451,Germanium,4.993822858247082,0.2,0.4004947826086956,3550.4469426244787,0.9450084,1.2753593,1.3513305,1.3862272,1.4277293,1.5330473,2,3,1,3,3,1,https://zibramax.github.io/FEMViewer/?mesh=https://raw.githubusercontent.com/ZibraMax/non-local-frequencies-nanostructures/refs/heads/main/Cubos\GermCube_8.05_2.0_0.2_20250428-105451.json&mode=6&magnif=6
5.323,2.0,182500000.0,48300000.0,67100000.0,14781.461569,GermCube_8.05_2.0_20250428-105451,Germanium,4.993822858247082,0.3,0.4004947826086956,3550.4469426244787,1.089273,1.4665924,1.6043476,1.6060201,1.6523366,1.7450161,2,3,3,1,3,1,https://zibramax.github.io/FEMViewer/?mesh=https://raw.githubusercontent.com/ZibraMax/non-local-frequencies-nanostructures/refs/heads/main/Cubos\GermCube_8.05_2.0_0.3_20250428-105451.json&mode=6&magnif=6
5.323,2.0,182500000.0,48300000.0,67100000.0,14781.461569,GermCube_8.05_2.0_20250428-105451,Germanium,4.993822858247082,0.4,0.4004947826086956,3550.4469426244787,1.2151642,1.6337075,1.7708326,1.825422,1.8466224,1.9468426,2,3,3,1,3,1,https://zibramax.github.io/FEMViewer/?mesh=https://raw.githubusercontent.com/ZibraMax/non-local-frequencies-nanostructures/refs/heads/main/Cubos\GermCube_8.05_2.0_0.4_20250428-105451.json&mode=6&magnif=6
5.323,2.0,182500000.0,48300000.0,67100000.0,14781.461569,GermCube_8.05_2.0_20250428-105451,Germanium,4.993822858247082,0.5,0.4004947826086956,3550.4469426244787,1.3286225,1.7845158,1.9098228,2.0210465,2.021111,2.1367876,2,3,3,3,1,1,https://zibramax.github.io/FEMViewer/?mesh=https://raw.githubusercontent.com/ZibraMax/non-local-frequencies-nanostructures/refs/heads/main/Cubos\GermCube_8.05_2.0_0.5_20250428-105451.json&mode=6&magnif=6
5.323,2.0,182500000.0,48300000.0,67100000.0,14781.461569,GermCube_8.05_2.0_20250428-105451,Germanium,4.993822858247082,0.6,0.4004947826086956,3550.4469426244787,1.4328496,1.9231887,2.033447,2.1809496,2.1994412,2.3139688,2,3,3,3,1,1,https://zibramax.github.io/FEMViewer/?mesh=https://raw.githubusercontent.com/ZibraMax/non-local-frequencies-nanostructures/refs/heads/main/Cubos\GermCube_8.05_2.0_0.6_20250428-105451.json&mode=6&magnif=6
5.323,2.0,182500000.0,48300000.0,67100000.0,14781.461569,GermCube_8.05_2.0_20250428-105451,Germanium,4.993822858247082,0.7,0.4004947826086956,3550.4469426244787,1.5298389,2.0523242,2.1469991,2.3295638,2.3643503,2.4536133,2,3,3,3,1,1,https://zibramax.github.io/FEMViewer/?mesh=https://raw.githubusercontent.com/ZibraMax/non-local-frequencies-nanostructures/refs/heads/main/Cubos\GermCube_8.05_2.0_0.7_20250428-105451.json&mode=6&magnif=6
5.323,2.0,182500000.0,48300000.0,67100000.0,14781.461569,GermCube_8.05_2.0_20250428-105451,Germanium,4.993822858247082,0.8,0.4004947826086956,3550.4469426244787,1.620942,2.1736887,2.2531542,2.4690452,2.518479,2.5660728,2,3,3,3,1,1,https://zibramax.github.io/FEMViewer/?mesh=https://raw.githubusercontent.com/ZibraMax/non-local-frequencies-nanostructures/refs/heads/main/Cubos\GermCube_8.05_2.0_0.8_20250428-105451.json&mode=6&magnif=6
5.323,2.0,182500000.0,48300000.0,67100000.0,14781.461569,GermCube_8.05_2.0_20250428-105451,Germanium,4.993822858247082,0.9,0.4004947826086956,3550.4469426244787,1.70713,2.2885541,2.3534849,2.6009265,2.663701,2.6727942,2,3,3,3,1,1,https://zibramax.github.io/FEMViewer/?mesh=https://raw.githubusercontent.com/ZibraMax/non-local-frequencies-nanostructures/refs/heads/main/Cubos\GermCube_8.05_2.0_0.9_20250428-105451.json&mode=6&magnif=6
5.323,2.0,182500000.0,48300000.0,67100000.0,14781.461569,GermCube_8.05_2.0_20250428-105451,Germanium,4.993822858247082,1.0,0.4004947826086956,3550.4469426244787,1.7891299,2.3978748,2.4490213,2.7263474,2.7748504,2.8014028,2,3,3,3,2,1,https://zibramax.github.io/FEMViewer/?mesh=https://raw.githubusercontent.com/ZibraMax/non-local-frequencies-nanostructures/refs/heads/main/Cubos\GermCube_8.05_2.0_1.0_20250428-105451.json&mode=6&magnif=6
5.323,5.0,182500000.0,48300000.0,67100000.0,14786.30362,GermCube_8.05_5.0_20250428-105451,Germanium,4.993822858247082,0.0,1.001236956521739,3550.4469426244787,0.028605,0.0286053,0.0286447,0.0286908,0.0287449,0.029748,3,2,3,3,1,1,https://zibramax.github.io/FEMViewer/?mesh=https://raw.githubusercontent.com/ZibraMax/non-local-frequencies-nanostructures/refs/heads/main/Cubos\GermCube_8.05_5.0_0.0_20250428-105451.json&mode=6&magnif=6
5.323,5.0,182500000.0,48300000.0,67100000.0,14786.30362,GermCube_8.05_5.0_20250428-105451,Germanium,4.993822858247082,0.1,1.001236956521739,3550.4469426244787,0.5883443,0.7906716,0.8825045,0.8942336,0.8955656,0.9510783,2,3,3,1,3,1,https://zibramax.github.io/FEMViewer/?mesh=https://raw.githubusercontent.com/ZibraMax/non-local-frequencies-nanostructures/refs/heads/main/Cubos\GermCube_8.05_5.0_0.1_20250428-105451.json&mode=6&magnif=6
5.323,5.0,182500000.0,48300000.0,67100000.0,14786.30362,GermCube_8.05_5.0_20250428-105451,Germanium,4.993822858247082,0.2,1.001236956521739,3550.4469426244787,0.8146249,1.0931501,1.1769224,1.2407877,1.2580917,1.3207436,2,3,3,3,1,1,https://zibramax.github.io/FEMViewer/?mesh=https://raw.githubusercontent.com/ZibraMax/non-local-frequencies-nanostructures/refs/heads/main/Cubos\GermCube_8.05_5.0_0.2_20250428-105451.json&mode=6&magnif=6
5.323,5.0,182500000.0,48300000.0,67100000.0,14786.30362,GermCube_8.05_5.0_20250428-105451,Germanium,4.993822858247082,0.3,1.001236956521739,3550.4469426244787,0.9903852,1.3283264,1.4032368,1.5087915,1.5381579,1.6035257,2,3,3,3,1,1,https://zibramax.github.io/FEMViewer/?mesh=https://raw.githubusercontent.com/ZibraMax/non-local-frequencies-nanostructures/refs/heads/main/Cubos\GermCube_8.05_5.0_0.3_20250428-105451.json&mode=6&magnif=6
5.323,5.0,182500000.0,48300000.0,67100000.0,14786.30362,GermCube_8.05_5.0_20250428-105451,Germanium,4.993822858247082,0.4,1.001236956521739,3550.4469426244787,1.139323,1.5276907,1.5961626,1.7358549,1.77456,1.8194509,2,3,3,3,1,1,https://zibramax.github.io/FEMViewer/?mesh=https://raw.githubusercontent.com/ZibraMax/non-local-frequencies-nanostructures/refs/heads/main/Cubos\GermCube_8.05_5.0_0.4_20250428-105451.json&mode=6&magnif=6
5.323,5.0,182500000.0,48300000.0,67100000.0,14786.30362,GermCube_8.05_5.0_20250428-105451,Germanium,4.993822858247082,0.5,1.001236956521739,3550.4469426244787,1.2709164,1.7038756,1.7675701,1.936458,1.9829766,2.011177,2,3,3,3,1,1,https://zibramax.github.io/FEMViewer/?mesh=https://raw.githubusercontent.com/ZibraMax/non-local-frequencies-nanostructures/refs/heads/main/Cubos\GermCube_8.05_5.0_0.5_20250428-105451.json&mode=6&magnif=6
5.323,5.0,182500000.0,48300000.0,67100000.0,14786.30362,GermCube_8.05_5.0_20250428-105451,Germanium,4.993822858247082,0.6,1.001236956521739,3550.4469426244787,1.3901039,1.8634721,1.9234931,2.1181396,2.1714807,2.1856914,2,3,3,3,1,1,https://zibramax.github.io/FEMViewer/?mesh=https://raw.githubusercontent.com/ZibraMax/non-local-frequencies-nanostructures/refs/heads/main/Cubos\GermCube_8.05_5.0_0.6_20250428-105451.json&mode=6&magnif=6
5.323,5.0,182500000.0,48300000.0,67100000.0,14786.30362,GermCube_8.05_5.0_20250428-105451,Germanium,4.993822858247082,0.7,1.001236956521739,3550.4469426244787,1.4998477,2.0104364,2.0675461,2.2854196,2.3448797,2.3470428,2,3,3,3,1,1,https://zibramax.github.io/FEMViewer/?mesh=https://raw.githubusercontent.com/ZibraMax/non-local-frequencies-nanostructures/refs/heads/main/Cubos\GermCube_8.05_5.0_0.7_20250428-105451.json&mode=6&magnif=6
5.323,5.0,182500000.0,48300000.0,67100000.0,14786.30362,GermCube_8.05_5.0_20250428-105451,Germanium,4.993822858247082,0.8,1.001236956521739,3550.4469426244787,1.6020902,2.1473646,2.2021109,2.4412617,2.4978702,2.5063107,2,3,3,3,2,1,https://zibramax.github.io/FEMViewer/?mesh=https://raw.githubusercontent.com/ZibraMax/non-local-frequencies-nanostructures/refs/heads/main/Cubos\GermCube_8.05_5.0_0.8_20250428-105451.json&mode=6&magnif=6
5.323,5.0,182500000.0,48300000.0,67100000.0,14786.30362,GermCube_8.05_5.0_20250428-105451,Germanium,4.993822858247082,0.9,1.001236956521739,3550.4469426244787,1.6981874,2.2760691,2.3288596,2.587734,2.6400205,2.6579551,2,3,3,3,2,1,https://zibramax.github.io/FEMViewer/?mesh=https://raw.githubusercontent.com/ZibraMax/non-local-frequencies-nanostructures/refs/heads/main/Cubos\GermCube_8.05_5.0_0.9_20250428-105451.json&mode=6&magnif=6
5.323,5.0,182500000.0,48300000.0,67100000.0,14786.30362,GermCube_8.05_5.0_20250428-105451,Germanium,4.993822858247082,1.0,1.001236956521739,3550.4469426244787,1.7891299,2.3978748,2.4490213,2.7263474,2.7748504,2.8014028,2,3,3,3,2,1,https://zibramax.github.io/FEMViewer/?mesh=https://raw.githubusercontent.com/ZibraMax/non-local-frequencies-nanostructures/refs/heads/main/Cubos\GermCube_8.05_5.0_1.0_20250428-105451.json&mode=6&magnif=6
3.515,2.0,1280000000.0,124000000.0,578000000.0,9460.717367,SiCube_16.1_2.0_20250428-151012,Carbonium,9.987645716494164,0.0,0.2002473913043478,12823.342868880141,0.6737675,0.6740317,0.6743031,0.6755077,0.6779297,0.6961491,3,3,2,3,1,1,https://zibramax.github.io/FEMViewer/?mesh=https://raw.githubusercontent.com/ZibraMax/non-local-frequencies-nanostructures/refs/heads/main/Cubos\SiCube_16.1_2.0_0.0_20250428-151012.json&mode=6&magnif=6
5.323,2.0,182500000.0,48300000.0,67100000.0,9495.698415,SiCube_16.1_2.0_20250428-151024,Germanium,9.987645716494164,0.0,0.2002473913043478,3550.4469426244787,0.6912165,0.6913063,0.691819,0.6920892,0.6935759,0.7129853,3,3,2,3,1,1,https://zibramax.github.io/FEMViewer/?mesh=https://raw.githubusercontent.com/ZibraMax/non-local-frequencies-nanostructures/refs/heads/main/Cubos\SiCube_16.1_2.0_0.0_20250428-151024.json&mode=6&magnif=6
2.329,2.0,223100000.0,63900000.0,79600000.0,9473.302127,SiCube_16.1_2.0_20250428-151205,Siliconium,9.987645716494164,0.0,0.2002473913043478,5846.174706140654,0.6935303,0.6936905,0.6942015,0.6942999,0.6956356,0.7151904,3,3,2,3,1,1,https://zibramax.github.io/FEMViewer/?mesh=https://raw.githubusercontent.com/ZibraMax/non-local-frequencies-nanostructures/refs/heads/main/Cubos\SiCube_16.1_2.0_0.0_20250428-151205.json&mode=6&magnif=6
3.515,2.0,1280000000.0,124000000.0,578000000.0,9460.717367,SiCube_16.1_2.0_20250428-151012,Carbonium,9.987645716494164,0.1,0.2002473913043478,12823.342868880141,1.0861204,1.4223645,1.4677373,1.4695407,1.4726273,1.5163543,2,3,1,3,3,1,https://zibramax.github.io/FEMViewer/?mesh=https://raw.githubusercontent.com/ZibraMax/non-local-frequencies-nanostructures/refs/heads/main/Cubos\SiCube_16.1_2.0_0.1_20250428-151012.json&mode=6&magnif=6
5.323,2.0,182500000.0,48300000.0,67100000.0,9495.698415,SiCube_16.1_2.0_20250428-151024,Germanium,9.987645716494164,0.1,0.2002473913043478,3550.4469426244787,1.0874235,1.458904,1.4692619,1.5225523,1.5752814,1.6316979,2,3,1,3,3,1,https://zibramax.github.io/FEMViewer/?mesh=https://raw.githubusercontent.com/ZibraMax/non-local-frequencies-nanostructures/refs/heads/main/Cubos\SiCube_16.1_2.0_0.1_20250428-151024.json&mode=6&magnif=6
2.329,2.0,223100000.0,63900000.0,79600000.0,9473.302127,SiCube_16.1_2.0_20250428-151205,Siliconium,9.987645716494164,0.1,0.2002473913043478,5846.174706140654,1.0875571,1.4618268,1.4694661,1.5272467,1.5863003,1.6440367,2,3,1,3,3,1,https://zibramax.github.io/FEMViewer/?mesh=https://raw.githubusercontent.com/ZibraMax/non-local-frequencies-nanostructures/refs/heads/main/Cubos\SiCube_16.1_2.0_0.1_20250428-151205.json&mode=6&magnif=6
3.515,2.0,1280000000.0,124000000.0,578000000.0,9460.717367,SiCube_16.1_2.0_20250428-151012,Carbonium,9.987645716494164,0.2,0.2002473913043478,12823.342868880141,1.198105,1.5827348,1.6513079,1.6734494,1.6775637,1.7486814,2,3,3,1,3,1,https://zibramax.github.io/FEMViewer/?mesh=https://raw.githubusercontent.com/ZibraMax/non-local-frequencies-nanostructures/refs/heads/main/Cubos\SiCube_16.1_2.0_0.2_20250428-151012.json&mode=6&magnif=6
5.323,2.0,182500000.0,48300000.0,67100000.0,9495.698415,SiCube_16.1_2.0_20250428-151024,Germanium,9.987645716494164,0.2,0.2002473913043478,3550.4469426244787,1.198873,1.6150957,1.6747592,1.7178858,1.782519,1.8892204,2,3,1,3,3,1,https://zibramax.github.io/FEMViewer/?mesh=https://raw.githubusercontent.com/ZibraMax/non-local-frequencies-nanostructures/refs/heads/main/Cubos\SiCube_16.1_2.0_0.2_20250428-151024.json&mode=6&magnif=6
2.329,2.0,223100000.0,63900000.0,79600000.0,9473.302127,SiCube_16.1_2.0_20250428-151205,Siliconium,9.987645716494164,0.2,0.2002473913043478,5846.174706140654,1.198957,1.6179607,1.6749589,1.7213371,1.7966013,1.9046556,2,3,1,3,3,1,https://zibramax.github.io/FEMViewer/?mesh=https://raw.githubusercontent.com/ZibraMax/non-local-frequencies-nanostructures/refs/heads/main/Cubos\SiCube_16.1_2.0_0.2_20250428-151205.json&mode=6&magnif=6
3.515,2.0,1280000000.0,124000000.0,578000000.0,9460.717367,SiCube_16.1_2.0_20250428-151012,Carbonium,9.987645716494164,0.3,0.2002473913043478,12823.342868880141,1.2927797,1.7121734,1.7948767,1.8437417,1.8534261,1.9467918,2,3,3,3,1,1,https://zibramax.github.io/FEMViewer/?mesh=https://raw.githubusercontent.com/ZibraMax/non-local-frequencies-nanostructures/refs/heads/main/Cubos\SiCube_16.1_2.0_0.3_20250428-151012.json&mode=6&magnif=6
5.323,2.0,182500000.0,48300000.0,67100000.0,9495.698415,SiCube_16.1_2.0_20250428-151024,Germanium,9.987645716494164,0.3,0.2002473913043478,3550.4469426244787,1.2933712,1.742019,1.8548726,1.8718333,1.943499,2.0802733,2,3,1,3,3,1,https://zibramax.github.io/FEMViewer/?mesh=https://raw.githubusercontent.com/ZibraMax/non-local-frequencies-nanostructures/refs/heads/main/Cubos\SiCube_16.1_2.0_0.3_20250428-151024.json&mode=6&magnif=6
2.329,2.0,223100000.0,63900000.0,79600000.0,9473.302127,SiCube_16.1_2.0_20250428-151205,Siliconium,9.987645716494164,0.3,0.2002473913043478,5846.174706140654,1.2934387,1.7447585,1.8551019,1.8740182,1.959607,2.0889005,2,3,1,3,3,1,https://zibramax.github.io/FEMViewer/?mesh=https://raw.githubusercontent.com/ZibraMax/non-local-frequencies-nanostructures/refs/heads/main/Cubos\SiCube_16.1_2.0_0.3_20250428-151205.json&mode=6&magnif=6
3.515,2.0,1280000000.0,124000000.0,578000000.0,9460.717367,SiCube_16.1_2.0_20250428-151012,Carbonium,9.987645716494164,0.4,0.2002473913043478,12823.342868880141,1.3777194,1.826257,1.9198754,1.9801231,2.0164766,2.1130382,2,3,3,3,1,1,https://zibramax.github.io/FEMViewer/?mesh=https://raw.githubusercontent.com/ZibraMax/non-local-frequencies-nanostructures/refs/heads/main/Cubos\SiCube_16.1_2.0_0.4_20250428-151012.json&mode=6&magnif=6
5.323,2.0,182500000.0,48300000.0,67100000.0,9495.698415,SiCube_16.1_2.0_20250428-151024,Germanium,9.987645716494164,0.4,0.2002473913043478,3550.4469426244787,1.3782311,1.8546636,1.9949763,2.0181139,2.0822966,2.2037608,2,3,3,1,3,1,https://zibramax.github.io/FEMViewer/?mesh=https://raw.githubusercontent.com/ZibraMax/non-local-frequencies-nanostructures/refs/heads/main/Cubos\SiCube_16.1_2.0_0.4_20250428-151024.json&mode=6&magnif=6
2.329,2.0,223100000.0,63900000.0,79600000.0,9473.302127,SiCube_16.1_2.0_20250428-151205,Siliconium,9.987645716494164,0.4,0.2002473913043478,5846.174706140654,1.3782914,1.8573226,1.9961471,2.0183764,2.0999758,2.2136029,2,3,3,1,3,1,https://zibramax.github.io/FEMViewer/?mesh=https://raw.githubusercontent.com/ZibraMax/non-local-frequencies-nanostructures/refs/heads/main/Cubos\SiCube_16.1_2.0_0.4_20250428-151205.json&mode=6&magnif=6
3.515,2.0,1280000000.0,124000000.0,578000000.0,9460.717367,SiCube_16.1_2.0_20250428-151012,Carbonium,9.987645716494164,0.5,0.2002473913043478,12823.342868880141,1.4560227,1.9305821,2.0333048,2.0876919,2.1668931,2.2286207,2,3,3,3,1,1,https://zibramax.github.io/FEMViewer/?mesh=https://raw.githubusercontent.com/ZibraMax/non-local-frequencies-nanostructures/refs/heads/main/Cubos\SiCube_16.1_2.0_0.5_20250428-151012.json&mode=6&magnif=6
5.323,2.0,182500000.0,48300000.0,67100000.0,9495.698415,SiCube_16.1_2.0_20250428-151024,Germanium,9.987645716494164,0.5,0.2002473913043478,3550.4469426244787,1.4564934,1.9581713,2.0948912,2.168727,2.2074979,2.3295082,2,3,3,1,3,1,https://zibramax.github.io/FEMViewer/?mesh=https://raw.githubusercontent.com/ZibraMax/non-local-frequencies-nanostructures/refs/heads/main/Cubos\SiCube_16.1_2.0_0.5_20250428-151024.json&mode=6&magnif=6
2.329,2.0,223100000.0,63900000.0,79600000.0,9473.302127,SiCube_16.1_2.0_20250428-151205,Siliconium,9.987645716494164,0.5,0.2002473913043478,5846.174706140654,1.45655,1.9607869,2.0955715,2.1690221,2.2264993,2.3400917,2,3,3,1,3,1,https://zibramax.github.io/FEMViewer/?mesh=https://raw.githubusercontent.com/ZibraMax/non-local-frequencies-nanostructures/refs/heads/main/Cubos\SiCube_16.1_2.0_0.5_20250428-151205.json&mode=6&magnif=6
3.515,2.0,1280000000.0,124000000.0,578000000.0,9460.717367,SiCube_16.1_2.0_20250428-151012,Carbonium,9.987645716494164,0.6,0.2002473913043478,12823.342868880141,1.5293356,2.0278606,2.1385303,2.1741969,2.3073189,2.3495046,2,3,3,3,1,1,https://zibramax.github.io/FEMViewer/?mesh=https://raw.githubusercontent.com/ZibraMax/non-local-frequencies-nanostructures/refs/heads/main/Cubos\SiCube_16.1_2.0_0.6_20250428-151012.json&mode=6&magnif=6
5.323,2.0,182500000.0,48300000.0,67100000.0,9495.698415,SiCube_16.1_2.0_20250428-151024,Germanium,9.987645716494164,0.6,0.2002473913043478,3550.4469426244787,1.5297839,2.0550082,2.1795542,2.3093435,2.3231979,2.4549868,2,3,3,1,3,1,https://zibramax.github.io/FEMViewer/?mesh=https://raw.githubusercontent.com/ZibraMax/non-local-frequencies-nanostructures/refs/heads/main/Cubos\SiCube_16.1_2.0_0.6_20250428-151024.json&mode=6&magnif=6
2.329,2.0,223100000.0,63900000.0,79600000.0,9473.302127,SiCube_16.1_2.0_20250428-151205,Siliconium,9.987645716494164,0.6,0.2002473913043478,5846.174706140654,1.5298387,2.0576056,2.1801035,2.3096695,2.3433656,2.4659799,2,3,3,1,3,1,https://zibramax.github.io/FEMViewer/?mesh=https://raw.githubusercontent.com/ZibraMax/non-local-frequencies-nanostructures/refs/heads/main/Cubos\SiCube_16.1_2.0_0.6_20250428-151205.json&mode=6&magnif=6
3.515,2.0,1280000000.0,124000000.0,578000000.0,9460.717367,SiCube_16.1_2.0_20250428-151012,Carbonium,9.987645716494164,0.7,0.2002473913043478,12823.342868880141,1.5986677,2.1196532,2.2374656,2.2489113,2.4395564,2.4698508,2,3,3,3,1,1,https://zibramax.github.io/FEMViewer/?mesh=https://raw.githubusercontent.com/ZibraMax/non-local-frequencies-nanostructures/refs/heads/main/Cubos\SiCube_16.1_2.0_0.7_20250428-151012.json&mode=6&magnif=6
5.323,2.0,182500000.0,48300000.0,67100000.0,9495.698415,SiCube_16.1_2.0_20250428-151024,Germanium,9.987645716494164,0.7,0.2002473913043478,3550.4469426244787,1.5991042,2.1465981,2.254657,2.4316996,2.441763,2.5778278,2,3,3,3,1,1,https://zibramax.github.io/FEMViewer/?mesh=https://raw.githubusercontent.com/ZibraMax/non-local-frequencies-nanostructures/refs/heads/main/Cubos\SiCube_16.1_2.0_0.7_20250428-151024.json&mode=6&magnif=6
2.329,2.0,223100000.0,63900000.0,79600000.0,9473.302127,SiCube_16.1_2.0_20250428-151205,Siliconium,9.987645716494164,0.7,0.2002473913043478,5846.174706140654,1.5991582,2.1491943,2.255222,2.4421182,2.4529262,2.5890991,2,3,3,1,3,1,https://zibramax.github.io/FEMViewer/?mesh=https://raw.githubusercontent.com/ZibraMax/non-local-frequencies-nanostructures/refs/heads/main/Cubos\SiCube_16.1_2.0_0.7_20250428-151205.json&mode=6&magnif=6
3.515,2.0,1280000000.0,124000000.0,578000000.0,9460.717367,SiCube_16.1_2.0_20250428-151012,Carbonium,9.987645716494164,0.8,0.2002473913043478,12823.342868880141,1.6646997,2.2069651,2.3168701,2.3313264,2.5649114,2.5869115,2,3,3,3,1,1,https://zibramax.github.io/FEMViewer/?mesh=https://raw.githubusercontent.com/ZibraMax/non-local-frequencies-nanostructures/refs/heads/main/Cubos\SiCube_16.1_2.0_0.8_20250428-151012.json&mode=6&magnif=6
5.323,2.0,182500000.0,48300000.0,67100000.0,9495.698415,SiCube_16.1_2.0_20250428-151024,Germanium,9.987645716494164,0.8,0.2002473913043478,3550.4469426244787,1.6651306,2.2338662,2.3234915,2.534449,2.5672912,2.6546713,2,3,3,3,1,1,https://zibramax.github.io/FEMViewer/?mesh=https://raw.githubusercontent.com/ZibraMax/non-local-frequencies-nanostructures/refs/heads/main/Cubos\SiCube_16.1_2.0_0.8_20250428-151024.json&mode=6&magnif=6
2.329,2.0,223100000.0,63900000.0,79600000.0,9473.302127,SiCube_16.1_2.0_20250428-151205,Siliconium,9.987645716494164,0.8,0.2002473913043478,5846.174706140654,1.6651843,2.2364727,2.3241166,2.5566558,2.5676739,2.6550694,2,3,3,3,1,1,https://zibramax.github.io/FEMViewer/?mesh=https://raw.githubusercontent.com/ZibraMax/non-local-frequencies-nanostructures/refs/heads/main/Cubos\SiCube_16.1_2.0_0.8_20250428-151205.json&mode=6&magnif=6
3.515,2.0,1280000000.0,124000000.0,578000000.0,9460.717367,SiCube_16.1_2.0_20250428-151012,Carbonium,9.987645716494164,0.9,0.2002473913043478,12823.342868880141,1.7279207,2.2904971,2.3804218,2.4209483,2.6843702,2.6999598,2,3,3,3,1,1,https://zibramax.github.io/FEMViewer/?mesh=https://raw.githubusercontent.com/ZibraMax/non-local-frequencies-nanostructures/refs/heads/main/Cubos\SiCube_16.1_2.0_0.9_20250428-151012.json&mode=6&magnif=6
5.323,2.0,182500000.0,48300000.0,67100000.0,9495.698415,SiCube_16.1_2.0_20250428-151024,Germanium,9.987645716494164,0.9,0.2002473913043478,3550.4469426244787,1.7283499,2.3174636,2.3879135,2.6324289,2.6869148,2.7156618,2,3,3,3,1,1,https://zibramax.github.io/FEMViewer/?mesh=https://raw.githubusercontent.com/ZibraMax/non-local-frequencies-nanostructures/refs/heads/main/Cubos\SiCube_16.1_2.0_0.9_20250428-151024.json&mode=6&magnif=6
2.329,2.0,223100000.0,63900000.0,79600000.0,9473.302127,SiCube_16.1_2.0_20250428-151205,Siliconium,9.987645716494164,0.9,0.2002473913043478,5846.174706140654,1.7284038,2.3200884,2.3886063,2.6555548,2.6873236,2.7160799,2,3,3,3,1,1,https://zibramax.github.io/FEMViewer/?mesh=https://raw.githubusercontent.com/ZibraMax/non-local-frequencies-nanostructures/refs/heads/main/Cubos\SiCube_16.1_2.0_0.9_20250428-151205.json&mode=6&magnif=6
3.515,2.0,1280000000.0,124000000.0,578000000.0,9460.717367,SiCube_16.1_2.0_20250428-151012,Carbonium,9.987645716494164,1.0,0.2002473913043478,12823.342868880141,1.7886997,2.3707658,2.4407697,2.5069395,2.7719216,2.798701,2,3,3,3,2,1,https://zibramax.github.io/FEMViewer/?mesh=https://raw.githubusercontent.com/ZibraMax/non-local-frequencies-nanostructures/refs/heads/main/Cubos\SiCube_16.1_2.0_1.0_20250428-151012.json&mode=6&magnif=6
5.323,2.0,182500000.0,48300000.0,67100000.0,9495.698415,SiCube_16.1_2.0_20250428-151024,Germanium,9.987645716494164,1.0,0.2002473913043478,3550.4469426244787,1.7891299,2.3978748,2.4490213,2.7263474,2.7748504,2.8014028,2,3,3,3,2,1,https://zibramax.github.io/FEMViewer/?mesh=https://raw.githubusercontent.com/ZibraMax/non-local-frequencies-nanostructures/refs/heads/main/Cubos\SiCube_16.1_2.0_1.0_20250428-151024.json&mode=6&magnif=6
2.329,2.0,223100000.0,63900000.0,79600000.0,9473.302127,SiCube_16.1_2.0_20250428-151205,Siliconium,9.987645716494164,1.0,0.2002473913043478,5846.174706140654,1.7891842,2.4005237,2.4497782,2.7503432,2.775292,2.8018364,2,3,3,3,2,1,https://zibramax.github.io/FEMViewer/?mesh=https://raw.githubusercontent.com/ZibraMax/non-local-frequencies-nanostructures/refs/heads/main/Cubos\SiCube_16.1_2.0_1.0_20250428-151205.json&mode=6&magnif=6
3.515,5.0,1280000000.0,124000000.0,578000000.0,15281.333427,SiCube_16.1_5.0_20250428-151818,Carbonium,9.987645716494164,0.0,0.5006184782608695,12823.342868880141,0.1109146,0.1109235,0.111129,0.1114009,0.1117354,0.1153237,3,2,3,3,1,1,https://zibramax.github.io/FEMViewer/?mesh=https://raw.githubusercontent.com/ZibraMax/non-local-frequencies-nanostructures/refs/heads/main/Cubos\SiCube_16.1_5.0_0.0_20250428-151818.json&mode=6&magnif=6
5.323,5.0,182500000.0,48300000.0,67100000.0,15315.300907,SiCube_16.1_5.0_20250428-152041,Germanium,9.987645716494164,0.0,0.5006184782608695,3550.4469426244787,0.1139187,0.1139193,0.114077,0.1142613,0.1144802,0.1183232,3,2,3,3,1,1,https://zibramax.github.io/FEMViewer/?mesh=https://raw.githubusercontent.com/ZibraMax/non-local-frequencies-nanostructures/refs/heads/main/Cubos\SiCube_16.1_5.0_0.0_20250428-152041.json&mode=6&magnif=6
2.329,5.0,223100000.0,63900000.0,79600000.0,15340.476918,SiCube_16.1_5.0_20250428-152319,Siliconium,9.987645716494164,0.0,0.5006184782608695,5846.174706140654,0.1143281,0.1143284,0.1144752,0.1146436,0.1148421,0.1187174,2,3,3,3,1,1,https://zibramax.github.io/FEMViewer/?mesh=https://raw.githubusercontent.com/ZibraMax/non-local-frequencies-nanostructures/refs/heads/main/Cubos\SiCube_16.1_5.0_0.0_20250428-152319.json&mode=6&magnif=6
3.515,5.0,1280000000.0,124000000.0,578000000.0,15281.333427,SiCube_16.1_5.0_20250428-151818,Carbonium,9.987645716494164,0.1,0.5006184782608695,12823.342868880141,0.6971955,0.9282484,0.9663093,0.9712972,0.9807723,1.0219763,2,3,1,3,3,1,https://zibramax.github.io/FEMViewer/?mesh=https://raw.githubusercontent.com/ZibraMax/non-local-frequencies-nanostructures/refs/heads/main/Cubos\SiCube_16.1_5.0_0.1_20250428-151818.json&mode=6&magnif=6
5.323,5.0,182500000.0,48300000.0,67100000.0,15315.300907,SiCube_16.1_5.0_20250428-152041,Germanium,9.987645716494164,0.1,0.5006184782608695,3550.4469426244787,0.6974961,0.9440342,0.9671828,1.0082801,1.0498193,1.0990651,2,3,1,3,3,1,https://zibramax.github.io/FEMViewer/?mesh=https://raw.githubusercontent.com/ZibraMax/non-local-frequencies-nanostructures/refs/heads/main/Cubos\SiCube_16.1_5.0_0.1_20250428-152041.json&mode=6&magnif=6
2.329,5.0,223100000.0,63900000.0,79600000.0,15340.476918,SiCube_16.1_5.0_20250428-152319,Siliconium,9.987645716494164,0.1,0.5006184782608695,5846.174706140654,0.697532,0.9454523,0.9673235,1.0107545,1.0583194,1.1073976,2,3,1,3,3,1,https://zibramax.github.io/FEMViewer/?mesh=https://raw.githubusercontent.com/ZibraMax/non-local-frequencies-nanostructures/refs/heads/main/Cubos\SiCube_16.1_5.0_0.1_20250428-152319.json&mode=6&magnif=6
3.515,5.0,1280000000.0,124000000.0,578000000.0,15281.333427,SiCube_16.1_5.0_20250428-151818,Carbonium,9.987645716494164,0.2,0.5006184782608695,12823.342868880141,0.8913968,1.1848715,1.2469305,1.3040133,1.3041626,1.3794887,2,3,3,3,1,1,https://zibramax.github.io/FEMViewer/?mesh=https://raw.githubusercontent.com/ZibraMax/non-local-frequencies-nanostructures/refs/heads/main/Cubos\SiCube_16.1_5.0_0.2_20250428-151818.json&mode=6&magnif=6
5.323,5.0,182500000.0,48300000.0,67100000.0,15315.300907,SiCube_16.1_5.0_20250428-152041,Germanium,9.987645716494164,0.2,0.5006184782608695,3550.4469426244787,0.8916839,1.2016229,1.3053783,1.3236015,1.3524719,1.4376729,2,3,1,3,3,1,https://zibramax.github.io/FEMViewer/?mesh=https://raw.githubusercontent.com/ZibraMax/non-local-frequencies-nanostructures/refs/heads/main/Cubos\SiCube_16.1_5.0_0.2_20250428-152041.json&mode=6&magnif=6
2.329,5.0,223100000.0,63900000.0,79600000.0,15340.476918,SiCube_16.1_5.0_20250428-152319,Siliconium,9.987645716494164,0.2,0.5006184782608695,5846.174706140654,0.8917192,1.2032055,1.305574,1.3250158,1.363975,1.4433809,2,3,1,3,3,1,https://zibramax.github.io/FEMViewer/?mesh=https://raw.githubusercontent.com/ZibraMax/non-local-frequencies-nanostructures/refs/heads/main/Cubos\SiCube_16.1_5.0_0.2_20250428-152319.json&mode=6&magnif=6
3.515,5.0,1280000000.0,124000000.0,578000000.0,15281.333427,SiCube_16.1_5.0_20250428-151818,Carbonium,9.987645716494164,0.3,0.5006184782608695,12823.342868880141,1.0476301,1.391128,1.4669001,1.5361719,1.5708237,1.6096817,2,3,3,3,1,1,https://zibramax.github.io/FEMViewer/?mesh=https://raw.githubusercontent.com/ZibraMax/non-local-frequencies-nanostructures/refs/heads/main/Cubos\SiCube_16.1_5.0_0.3_20250428-151818.json&mode=6&magnif=6
5.323,5.0,182500000.0,48300000.0,67100000.0,15315.300907,SiCube_16.1_5.0_20250428-152041,Germanium,9.987645716494164,0.3,0.5006184782608695,3550.4469426244787,1.047931,1.4092783,1.5422562,1.5723077,1.5928718,1.6805756,2,3,3,1,3,1,https://zibramax.github.io/FEMViewer/?mesh=https://raw.githubusercontent.com/ZibraMax/non-local-frequencies-nanostructures/refs/heads/main/Cubos\SiCube_16.1_5.0_0.3_20250428-152041.json&mode=6&magnif=6
2.329,5.0,223100000.0,63900000.0,79600000.0,15340.476918,SiCube_16.1_5.0_20250428-152319,Siliconium,9.987645716494164,0.3,0.5006184782608695,5846.174706140654,1.0479684,1.4110179,1.5427987,1.5725463,1.6066247,1.6880539,2,3,3,1,3,1,https://zibramax.github.io/FEMViewer/?mesh=https://raw.githubusercontent.com/ZibraMax/non-local-frequencies-nanostructures/refs/heads/main/Cubos\SiCube_16.1_5.0_0.3_20250428-152319.json&mode=6&magnif=6
3.515,5.0,1280000000.0,124000000.0,578000000.0,15281.333427,SiCube_16.1_5.0_20250428-151818,Carbonium,9.987645716494164,0.4,0.5006184782608695,12823.342868880141,1.1827323,1.5695781,1.6567295,1.7092338,1.7983381,1.8226394,2,3,3,3,1,1,https://zibramax.github.io/FEMViewer/?mesh=https://raw.githubusercontent.com/ZibraMax/non-local-frequencies-nanostructures/refs/heads/main/Cubos\SiCube_16.1_5.0_0.4_20250428-151818.json&mode=6&magnif=6
5.323,5.0,182500000.0,48300000.0,67100000.0,15315.300907,SiCube_16.1_5.0_20250428-152041,Germanium,9.987645716494164,0.4,0.5006184782608695,3550.4469426244787,1.1830518,1.589169,1.7134563,1.7999996,1.8000495,1.9033054,2,3,3,3,1,1,https://zibramax.github.io/FEMViewer/?mesh=https://raw.githubusercontent.com/ZibraMax/non-local-frequencies-nanostructures/refs/heads/main/Cubos\SiCube_16.1_5.0_0.4_20250428-152041.json&mode=6&magnif=6
2.329,5.0,223100000.0,63900000.0,79600000.0,15340.476918,SiCube_16.1_5.0_20250428-152319,Siliconium,9.987645716494164,0.4,0.5006184782608695,5846.174706140654,1.1830917,1.5910598,1.7138918,1.8003245,1.8156521,1.9117094,2,3,3,1,3,1,https://zibramax.github.io/FEMViewer/?mesh=https://raw.githubusercontent.com/ZibraMax/non-local-frequencies-nanostructures/refs/heads/main/Cubos\SiCube_16.1_5.0_0.4_20250428-152319.json&mode=6&magnif=6
3.515,5.0,1280000000.0,124000000.0,578000000.0,15281.333427,SiCube_16.1_5.0_20250428-151818,Carbonium,9.987645716494164,0.5,0.5006184782608695,12823.342868880141,1.3036469,1.729359,1.8264834,1.8564733,2.0001266,2.0189181,2,3,3,3,1,1,https://zibramax.github.io/FEMViewer/?mesh=https://raw.githubusercontent.com/ZibraMax/non-local-frequencies-nanostructures/refs/heads/main/Cubos\SiCube_16.1_5.0_0.5_20250428-151818.json&mode=6&magnif=6
5.323,5.0,182500000.0,48300000.0,67100000.0,15315.300907,SiCube_16.1_5.0_20250428-152041,Germanium,9.987645716494164,0.5,0.5006184782608695,3550.4469426244787,1.3039861,1.7503474,1.8614836,1.98508,2.0020388,2.1060953,2,3,3,3,1,1,https://zibramax.github.io/FEMViewer/?mesh=https://raw.githubusercontent.com/ZibraMax/non-local-frequencies-nanostructures/refs/heads/main/Cubos\SiCube_16.1_5.0_0.5_20250428-152041.json&mode=6&magnif=6
2.329,5.0,223100000.0,63900000.0,79600000.0,15340.476918,SiCube_16.1_5.0_20250428-152319,Siliconium,9.987645716494164,0.5,0.5006184782608695,5846.174706140654,1.3040286,1.7523815,1.8619692,2.002346,2.0024137,2.115205,2,3,3,1,3,1,https://zibramax.github.io/FEMViewer/?mesh=https://raw.githubusercontent.com/ZibraMax/non-local-frequencies-nanostructures/refs/heads/main/Cubos\SiCube_16.1_5.0_0.5_20250428-152319.json&mode=6&magnif=6
3.515,5.0,1280000000.0,124000000.0,578000000.0,15281.333427,SiCube_16.1_5.0_20250428-151818,Carbonium,9.987645716494164,0.6,0.5006184782608695,12823.342868880141,1.4141356,1.8754099,1.9815343,1.9894525,2.1833391,2.1991289,2,3,3,3,1,1,https://zibramax.github.io/FEMViewer/?mesh=https://raw.githubusercontent.com/ZibraMax/non-local-frequencies-nanostructures/refs/heads/main/Cubos\SiCube_16.1_5.0_0.6_20250428-151818.json&mode=6&magnif=6
5.323,5.0,182500000.0,48300000.0,67100000.0,15315.300907,SiCube_16.1_5.0_20250428-152041,Germanium,9.987645716494164,0.6,0.5006184782608695,3550.4469426244787,1.4144941,1.8977352,1.9953304,2.1540552,2.1854331,2.2824527,2,3,3,3,1,1,https://zibramax.github.io/FEMViewer/?mesh=https://raw.githubusercontent.com/ZibraMax/non-local-frequencies-nanostructures/refs/heads/main/Cubos\SiCube_16.1_5.0_0.6_20250428-152041.json&mode=6&magnif=6
2.329,5.0,223100000.0,63900000.0,79600000.0,15340.476918,SiCube_16.1_5.0_20250428-152319,Siliconium,9.987645716494164,0.6,0.5006184782608695,5846.174706140654,1.4145391,1.8999048,1.9958814,2.1729151,2.1857694,2.2829765,2,3,3,3,1,1,https://zibramax.github.io/FEMViewer/?mesh=https://raw.githubusercontent.com/ZibraMax/non-local-frequencies-nanostructures/refs/heads/main/Cubos\SiCube_16.1_5.0_0.6_20250428-152319.json&mode=6&magnif=6
3.515,5.0,1280000000.0,124000000.0,578000000.0,15281.333427,SiCube_16.1_5.0_20250428-151818,Carbonium,9.987645716494164,0.7,0.5006184782608695,12823.342868880141,1.5165275,2.0107907,2.1124747,2.1251872,2.3523221,2.3661302,2,3,3,3,1,1,https://zibramax.github.io/FEMViewer/?mesh=https://raw.githubusercontent.com/ZibraMax/non-local-frequencies-nanostructures/refs/heads/main/Cubos\SiCube_16.1_5.0_0.7_20250428-151818.json&mode=6&magnif=6
5.323,5.0,182500000.0,48300000.0,67100000.0,15315.300907,SiCube_16.1_5.0_20250428-152041,Germanium,9.987645716494164,0.7,0.5006184782608695,3550.4469426244787,1.5169048,2.034392,2.1190866,2.3105644,2.3545833,2.4164553,2,3,3,3,1,1,https://zibramax.github.io/FEMViewer/?mesh=https://raw.githubusercontent.com/ZibraMax/non-local-frequencies-nanostructures/refs/heads/main/Cubos\SiCube_16.1_5.0_0.7_20250428-152041.json&mode=6&magnif=6
2.329,5.0,223100000.0,63900000.0,79600000.0,15340.476918,SiCube_16.1_5.0_20250428-152319,Siliconium,9.987645716494164,0.7,0.5006184782608695,5846.174706140654,1.5169523,2.03669,2.119698,2.330833,2.3549464,2.4168825,2,3,3,3,1,1,https://zibramax.github.io/FEMViewer/?mesh=https://raw.githubusercontent.com/ZibraMax/non-local-frequencies-nanostructures/refs/heads/main/Cubos\SiCube_16.1_5.0_0.7_20250428-152319.json&mode=6&magnif=6
3.515,5.0,1280000000.0,124000000.0,578000000.0,15281.333427,SiCube_16.1_5.0_20250428-151818,Carbonium,9.987645716494164,0.8,0.5006184782608695,12823.342868880141,1.6123894,2.1375612,2.2278151,2.2596573,2.5099523,2.5223076,2,3,3,3,1,1,https://zibramax.github.io/FEMViewer/?mesh=https://raw.githubusercontent.com/ZibraMax/non-local-frequencies-nanostructures/refs/heads/main/Cubos\SiCube_16.1_5.0_0.8_20250428-151818.json&mode=6&magnif=6
5.323,5.0,182500000.0,48300000.0,67100000.0,15315.300907,SiCube_16.1_5.0_20250428-152041,Germanium,9.987645716494164,0.8,0.5006184782608695,3550.4469426244787,1.612785,2.1623815,2.2350477,2.4570402,2.5123692,2.5421438,2,3,3,3,1,1,https://zibramax.github.io/FEMViewer/?mesh=https://raw.githubusercontent.com/ZibraMax/non-local-frequencies-nanostructures/refs/heads/main/Cubos\SiCube_16.1_5.0_0.8_20250428-152041.json&mode=6&magnif=6
2.329,5.0,223100000.0,63900000.0,79600000.0,15340.476918,SiCube_16.1_5.0_20250428-152319,Siliconium,9.987645716494164,0.8,0.5006184782608695,5846.174706140654,1.6128348,2.1648018,2.2357128,2.4786239,2.5127573,2.542555,2,3,3,3,1,1,https://zibramax.github.io/FEMViewer/?mesh=https://raw.githubusercontent.com/ZibraMax/non-local-frequencies-nanostructures/refs/heads/main/Cubos\SiCube_16.1_5.0_0.8_20250428-152319.json&mode=6&magnif=6
3.515,5.0,1280000000.0,124000000.0,578000000.0,15281.333427,SiCube_16.1_5.0_20250428-151818,Carbonium,9.987645716494164,0.9,0.5006184782608695,12823.342868880141,1.7028372,2.2571892,2.3369127,2.3865189,2.6582505,2.6585898,2,3,3,3,1,1,https://zibramax.github.io/FEMViewer/?mesh=https://raw.githubusercontent.com/ZibraMax/non-local-frequencies-nanostructures/refs/heads/main/Cubos\SiCube_16.1_5.0_0.9_20250428-151818.json&mode=6&magnif=6
5.323,5.0,182500000.0,48300000.0,67100000.0,15315.300907,SiCube_16.1_5.0_20250428-152041,Germanium,9.987645716494164,0.9,0.5006184782608695,3550.4469426244787,1.7032505,2.2831771,2.3446842,2.5952084,2.6608138,2.6612437,2,3,3,3,1,1,https://zibramax.github.io/FEMViewer/?mesh=https://raw.githubusercontent.com/ZibraMax/non-local-frequencies-nanostructures/refs/heads/main/Cubos\SiCube_16.1_5.0_0.9_20250428-152041.json&mode=6&magnif=6
2.329,5.0,223100000.0,63900000.0,79600000.0,15340.476918,SiCube_16.1_5.0_20250428-152319,Siliconium,9.987645716494164,0.9,0.5006184782608695,5846.174706140654,1.7033025,2.2857142,2.3453974,2.6180305,2.6612253,2.6616654,2,3,3,3,1,1,https://zibramax.github.io/FEMViewer/?mesh=https://raw.githubusercontent.com/ZibraMax/non-local-frequencies-nanostructures/refs/heads/main/Cubos\SiCube_16.1_5.0_0.9_20250428-152319.json&mode=6&magnif=6
3.515,5.0,1280000000.0,124000000.0,578000000.0,15281.333427,SiCube_16.1_5.0_20250428-151818,Carbonium,9.987645716494164,1.0,0.5006184782608695,12823.342868880141,1.7886997,2.3707658,2.4407697,2.5069395,2.7719216,2.798701,2,3,3,3,2,1,https://zibramax.github.io/FEMViewer/?mesh=https://raw.githubusercontent.com/ZibraMax/non-local-frequencies-nanostructures/refs/heads/main/Cubos\SiCube_16.1_5.0_1.0_20250428-151818.json&mode=6&magnif=6
5.323,5.0,182500000.0,48300000.0,67100000.0,15315.300907,SiCube_16.1_5.0_20250428-152041,Germanium,9.987645716494164,1.0,0.5006184782608695,3550.4469426244787,1.7891299,2.3978748,2.4490213,2.7263474,2.7748504,2.8014028,2,3,3,3,2,1,https://zibramax.github.io/FEMViewer/?mesh=https://raw.githubusercontent.com/ZibraMax/non-local-frequencies-nanostructures/refs/heads/main/Cubos\SiCube_16.1_5.0_1.0_20250428-152041.json&mode=6&magnif=6
2.329,5.0,223100000.0,63900000.0,79600000.0,15340.476918,SiCube_16.1_5.0_20250428-152319,Siliconium,9.987645716494164,1.0,0.5006184782608695,5846.174706140654,1.7891842,2.4005237,2.4497782,2.7503432,2.775292,2.8018364,2,3,3,3,2,1,https://zibramax.github.io/FEMViewer/?mesh=https://raw.githubusercontent.com/ZibraMax/non-local-frequencies-nanostructures/refs/heads/main/Cubos\SiCube_16.1_5.0_1.0_20250428-152319.json&mode=6&magnif=6
3.515,2.0,1280000000.0,124000000.0,578000000.0,13060.094789,SiCube_24.150000000000002_2.0_20250428-175111,Carbonium,14.981468574741244,0.0,0.1334982608695652,12823.342868880141,1.179307,1.2357118,1.2358038,1.2367527,1.2379836,1.2393621,2,3,2,3,3,1,https://zibramax.github.io/FEMViewer/?mesh=https://raw.githubusercontent.com/ZibraMax/non-local-frequencies-nanostructures/refs/heads/main/Cubos\SiCube_24.150000000000002_2.0_0.0_20250428-175111.json&mode=6&magnif=6
5.323,2.0,182500000.0,48300000.0,67100000.0,13074.371464,SiCube_24.150000000000002_2.0_20250428-175213,Germanium,14.981468574741244,0.0,0.1334982608695652,3550.4469426244787,1.1847789,1.2668576,1.266951,1.2673044,1.2678444,1.26843,2,3,2,3,3,1,https://zibramax.github.io/FEMViewer/?mesh=https://raw.githubusercontent.com/ZibraMax/non-local-frequencies-nanostructures/refs/heads/main/Cubos\SiCube_24.150000000000002_2.0_0.0_20250428-175213.json&mode=6&magnif=6
2.329,2.0,223100000.0,63900000.0,79600000.0,12965.782017,SiCube_24.150000000000002_2.0_20250428-175325,Siliconium,14.981468574741244,0.0,0.1334982608695652,5846.174706140654,1.185272,1.2710772,1.2711722,1.271416,1.2718404,1.2723035,2,3,2,3,3,1,https://zibramax.github.io/FEMViewer/?mesh=https://raw.githubusercontent.com/ZibraMax/non-local-frequencies-nanostructures/refs/heads/main/Cubos\SiCube_24.150000000000002_2.0_0.0_20250428-175325.json&mode=6&magnif=6
3.515,2.0,1280000000.0,124000000.0,578000000.0,13060.094789,SiCube_24.150000000000002_2.0_20250428-175111,Carbonium,14.981468574741244,0.1,0.1334982608695652,12823.342868880141,1.2820056,1.681214,1.7472217,1.7802624,1.8063379,1.8570674,2,3,3,3,1,1,https://zibramax.github.io/FEMViewer/?mesh=https://raw.githubusercontent.com/ZibraMax/non-local-frequencies-nanostructures/refs/heads/main/Cubos\SiCube_24.150000000000002_2.0_0.1_20250428-175111.json&mode=6&magnif=6
5.323,2.0,182500000.0,48300000.0,67100000.0,13074.371464,SiCube_24.150000000000002_2.0_20250428-175213,Germanium,14.981468574741244,0.1,0.1334982608695652,3550.4469426244787,1.2835216,1.7204075,1.8088041,1.8293147,1.8816156,2.0034497,2,3,1,3,3,1,https://zibramax.github.io/FEMViewer/?mesh=https://raw.githubusercontent.com/ZibraMax/non-local-frequencies-nanostructures/refs/heads/main/Cubos\SiCube_24.150000000000002_2.0_0.1_20250428-175213.json&mode=6&magnif=6
2.329,2.0,223100000.0,63900000.0,79600000.0,12965.782017,SiCube_24.150000000000002_2.0_20250428-175325,Siliconium,14.981468574741244,0.1,0.1334982608695652,5846.174706140654,1.283672,1.7238342,1.8090908,1.8335814,1.8957632,2.0192021,2,3,1,3,3,1,https://zibramax.github.io/FEMViewer/?mesh=https://raw.githubusercontent.com/ZibraMax/non-local-frequencies-nanostructures/refs/heads/main/Cubos\SiCube_24.150000000000002_2.0_0.1_20250428-175325.json&mode=6&magnif=6
3.515,2.0,1280000000.0,124000000.0,578000000.0,13060.094789,SiCube_24.150000000000002_2.0_20250428-175111,Carbonium,14.981468574741244,0.2,0.1334982608695652,12823.342868880141,1.3553379,1.7869157,1.8681546,1.9182821,1.9466308,2.0223555,2,3,3,3,1,1,https://zibramax.github.io/FEMViewer/?mesh=https://raw.githubusercontent.com/ZibraMax/non-local-frequencies-nanostructures/refs/heads/main/Cubos\SiCube_24.150000000000002_2.0_0.2_20250428-175111.json&mode=6&magnif=6
5.323,2.0,182500000.0,48300000.0,67100000.0,13074.371464,SiCube_24.150000000000002_2.0_20250428-175213,Germanium,14.981468574741244,0.2,0.1334982608695652,3550.4469426244787,1.3562763,1.822228,1.9480768,1.952622,2.0198881,2.1878982,2,3,1,3,3,1,https://zibramax.github.io/FEMViewer/?mesh=https://raw.githubusercontent.com/ZibraMax/non-local-frequencies-nanostructures/refs/heads/main/Cubos\SiCube_24.150000000000002_2.0_0.2_20250428-175213.json&mode=6&magnif=6
2.329,2.0,223100000.0,63900000.0,79600000.0,12965.782017,SiCube_24.150000000000002_2.0_20250428-175325,Siliconium,14.981468574741244,0.2,0.1334982608695652,5846.174706140654,1.3563731,1.8254149,1.9482677,1.9553476,2.0361536,2.2013367,2,3,1,3,3,1,https://zibramax.github.io/FEMViewer/?mesh=https://raw.githubusercontent.com/ZibraMax/non-local-frequencies-nanostructures/refs/heads/main/Cubos\SiCube_24.150000000000002_2.0_0.2_20250428-175325.json&mode=6&magnif=6
3.515,2.0,1280000000.0,124000000.0,578000000.0,13060.094789,SiCube_24.150000000000002_2.0_20250428-175111,Carbonium,14.981468574741244,0.3,0.1334982608695652,12823.342868880141,1.4203666,1.8771616,1.9691065,2.0288026,2.0729951,2.1668115,2,3,3,3,1,1,https://zibramax.github.io/FEMViewer/?mesh=https://raw.githubusercontent.com/ZibraMax/non-local-frequencies-nanostructures/refs/heads/main/Cubos\SiCube_24.150000000000002_2.0_0.3_20250428-175111.json&mode=6&magnif=6
5.323,2.0,182500000.0,48300000.0,67100000.0,13074.371464,SiCube_24.150000000000002_2.0_20250428-175213,Germanium,14.981468574741244,0.3,0.1334982608695652,3550.4469426244787,1.4210633,1.9099554,2.0495852,2.0742059,2.1334905,2.2824132,2,3,3,1,3,1,https://zibramax.github.io/FEMViewer/?mesh=https://raw.githubusercontent.com/ZibraMax/non-local-frequencies-nanostructures/refs/heads/main/Cubos\SiCube_24.150000000000002_2.0_0.3_20250428-175213.json&mode=6&magnif=6
2.329,2.0,223100000.0,63900000.0,79600000.0,12965.782017,SiCube_24.150000000000002_2.0_20250428-175325,Siliconium,14.981468574741244,0.3,0.1334982608695652,5846.174706140654,1.4211377,1.9129699,2.0511875,2.0743824,2.1512524,2.292699,2,3,3,1,3,1,https://zibramax.github.io/FEMViewer/?mesh=https://raw.githubusercontent.com/ZibraMax/non-local-frequencies-nanostructures/refs/heads/main/Cubos\SiCube_24.150000000000002_2.0_0.3_20250428-175325.json&mode=6&magnif=6
3.515,2.0,1280000000.0,124000000.0,578000000.0,13060.094789,SiCube_24.150000000000002_2.0_20250428-175111,Carbonium,14.981468574741244,0.4,0.1334982608695652,12823.342868880141,1.4803021,1.9587387,2.0592418,2.1174303,2.1904596,2.270726,2,3,3,3,1,1,https://zibramax.github.io/FEMViewer/?mesh=https://raw.githubusercontent.com/ZibraMax/non-local-frequencies-nanostructures/refs/heads/main/Cubos\SiCube_24.150000000000002_2.0_0.4_20250428-175111.json&mode=6&magnif=6
5.323,2.0,182500000.0,48300000.0,67100000.0,13074.371464,SiCube_24.150000000000002_2.0_20250428-175213,Germanium,14.981468574741244,0.4,0.1334982608695652,3550.4469426244787,1.4808746,1.9898021,2.1285233,2.1916587,2.2339044,2.3742058,2,3,3,1,3,1,https://zibramax.github.io/FEMViewer/?mesh=https://raw.githubusercontent.com/ZibraMax/non-local-frequencies-nanostructures/refs/heads/main/Cubos\SiCube_24.150000000000002_2.0_0.4_20250428-175213.json&mode=6&magnif=6
2.329,2.0,223100000.0,63900000.0,79600000.0,12965.782017,SiCube_24.150000000000002_2.0_20250428-175325,Siliconium,14.981468574741244,0.4,0.1334982608695652,5846.174706140654,1.4809378,1.992694,2.12946,2.1918438,2.2528533,2.3851896,2,3,3,1,3,1,https://zibramax.github.io/FEMViewer/?mesh=https://raw.githubusercontent.com/ZibraMax/non-local-frequencies-nanostructures/refs/heads/main/Cubos\SiCube_24.150000000000002_2.0_0.4_20250428-175325.json&mode=6&magnif=6
3.515,2.0,1280000000.0,124000000.0,578000000.0,13060.094789,SiCube_24.150000000000002_2.0_20250428-175111,Carbonium,14.981468574741244,0.5,0.1334982608695652,12823.342868880141,1.5365702,2.0344586,2.1422244,2.1881719,2.3011452,2.3584252,2,3,3,3,1,1,https://zibramax.github.io/FEMViewer/?mesh=https://raw.githubusercontent.com/ZibraMax/non-local-frequencies-nanostructures/refs/heads/main/Cubos\SiCube_24.150000000000002_2.0_0.5_20250428-175111.json&mode=6&magnif=6
5.323,2.0,182500000.0,48300000.0,67100000.0,13074.371464,SiCube_24.150000000000002_2.0_20250428-175213,Germanium,14.981468574741244,0.5,0.1334982608695652,3550.4469426244787,1.5370724,2.0642986,2.194841,2.3024176,2.3257169,2.4672424,2,3,3,1,3,1,https://zibramax.github.io/FEMViewer/?mesh=https://raw.githubusercontent.com/ZibraMax/non-local-frequencies-nanostructures/refs/heads/main/Cubos\SiCube_24.150000000000002_2.0_0.5_20250428-175213.json&mode=6&magnif=6
2.329,2.0,223100000.0,63900000.0,79600000.0,12965.782017,SiCube_24.150000000000002_2.0_20250428-175325,Siliconium,14.981468574741244,0.5,0.1334982608695652,5846.174706140654,1.5371292,2.0671033,2.195484,2.3026195,2.3456676,2.4785987,2,3,3,1,3,1,https://zibramax.github.io/FEMViewer/?mesh=https://raw.githubusercontent.com/ZibraMax/non-local-frequencies-nanostructures/refs/heads/main/Cubos\SiCube_24.150000000000002_2.0_0.5_20250428-175325.json&mode=6&magnif=6
3.515,2.0,1280000000.0,124000000.0,578000000.0,13060.094789,SiCube_24.150000000000002_2.0_20250428-175111,Carbonium,14.981468574741244,0.6,0.1334982608695652,12823.342868880141,1.5899796,2.1058206,2.2199728,2.2469967,2.4062985,2.4491154,2,3,3,3,1,1,https://zibramax.github.io/FEMViewer/?mesh=https://raw.githubusercontent.com/ZibraMax/non-local-frequencies-nanostructures/refs/heads/main/Cubos\SiCube_24.150000000000002_2.0_0.6_20250428-175111.json&mode=6&magnif=6
5.323,2.0,182500000.0,48300000.0,67100000.0,13074.371464,SiCube_24.150000000000002_2.0_20250428-175213,Germanium,14.981468574741244,0.6,0.1334982608695652,3550.4469426244787,1.5904396,2.1347814,2.2526418,2.4076805,2.4113171,2.5601378,2,3,3,1,3,1,https://zibramax.github.io/FEMViewer/?mesh=https://raw.githubusercontent.com/ZibraMax/non-local-frequencies-nanostructures/refs/heads/main/Cubos\SiCube_24.150000000000002_2.0_0.6_20250428-175213.json&mode=6&magnif=6
2.329,2.0,223100000.0,63900000.0,79600000.0,12965.782017,SiCube_24.150000000000002_2.0_20250428-175325,Siliconium,14.981468574741244,0.6,0.1334982608695652,5846.174706140654,1.5904928,2.1375243,2.253204,2.4079025,2.4321472,2.5716851,2,3,3,1,3,1,https://zibramax.github.io/FEMViewer/?mesh=https://raw.githubusercontent.com/ZibraMax/non-local-frequencies-nanostructures/refs/heads/main/Cubos\SiCube_24.150000000000002_2.0_0.6_20250428-175325.json&mode=6&magnif=6
3.515,2.0,1280000000.0,124000000.0,578000000.0,13060.094789,SiCube_24.150000000000002_2.0_20250428-175111,Carbonium,14.981468574741244,0.7,0.1334982608695652,12823.342868880141,1.64105,2.1737383,2.2936419,2.2986754,2.5067684,2.5397888,2,3,3,3,1,1,https://zibramax.github.io/FEMViewer/?mesh=https://raw.githubusercontent.com/ZibraMax/non-local-frequencies-nanostructures/refs/heads/main/Cubos\SiCube_24.150000000000002_2.0_0.7_20250428-175111.json&mode=6&magnif=6
5.323,2.0,182500000.0,48300000.0,67100000.0,13074.371464,SiCube_24.150000000000002_2.0_20250428-175213,Germanium,14.981468574741244,0.7,0.1334982608695652,3550.4469426244787,1.6414844,2.2020631,2.3046913,2.492133,2.5082758,2.6495113,2,3,3,3,1,1,https://zibramax.github.io/FEMViewer/?mesh=https://raw.githubusercontent.com/ZibraMax/non-local-frequencies-nanostructures/refs/heads/main/Cubos\SiCube_24.150000000000002_2.0_0.7_20250428-175213.json&mode=6&magnif=6
2.329,2.0,223100000.0,63900000.0,79600000.0,12965.782017,SiCube_24.150000000000002_2.0_20250428-175325,Siliconium,14.981468574741244,0.7,0.1334982608695652,5846.174706140654,1.6415356,2.2047627,2.3052704,2.5085192,2.5137558,2.649762,2,3,3,1,3,1,https://zibramax.github.io/FEMViewer/?mesh=https://raw.githubusercontent.com/ZibraMax/non-local-frequencies-nanostructures/refs/heads/main/Cubos\SiCube_24.150000000000002_2.0_0.7_20250428-175325.json&mode=6&magnif=6
3.515,2.0,1280000000.0,124000000.0,578000000.0,13060.094789,SiCube_24.150000000000002_2.0_20250428-175111,Carbonium,14.981468574741244,0.8,0.1334982608695652,12823.342868880141,1.6901437,2.2388186,2.3459253,2.3639913,2.6031809,2.6289269,2,3,3,3,1,1,https://zibramax.github.io/FEMViewer/?mesh=https://raw.githubusercontent.com/ZibraMax/non-local-frequencies-nanostructures/refs/heads/main/Cubos\SiCube_24.150000000000002_2.0_0.8_20250428-175111.json&mode=6&magnif=6
5.323,2.0,182500000.0,48300000.0,67100000.0,13074.371464,SiCube_24.150000000000002_2.0_20250428-175213,Germanium,14.981468574741244,0.8,0.1334982608695652,3550.4469426244787,1.6905627,2.2666846,2.3527286,2.5690964,2.6048203,2.6902737,2,3,3,3,1,1,https://zibramax.github.io/FEMViewer/?mesh=https://raw.githubusercontent.com/ZibraMax/non-local-frequencies-nanostructures/refs/heads/main/Cubos\SiCube_24.150000000000002_2.0_0.8_20250428-175213.json&mode=6&magnif=6
2.329,2.0,223100000.0,63900000.0,79600000.0,12965.782017,SiCube_24.150000000000002_2.0_20250428-175325,Siliconium,14.981468574741244,0.8,0.1334982608695652,5846.174706140654,1.6906128,2.2693548,2.3533621,2.5914474,2.6050854,2.690546,2,3,3,3,1,1,https://zibramax.github.io/FEMViewer/?mesh=https://raw.githubusercontent.com/ZibraMax/non-local-frequencies-nanostructures/refs/heads/main/Cubos\SiCube_24.150000000000002_2.0_0.8_20250428-175325.json&mode=6&magnif=6
3.515,2.0,1280000000.0,124000000.0,578000000.0,13060.094789,SiCube_24.150000000000002_2.0_20250428-175111,Carbonium,14.981468574741244,0.9,0.1334982608695652,12823.342868880141,1.7375269,2.301491,2.3901969,2.4315532,2.6960213,2.7159462,2,3,3,3,1,1,https://zibramax.github.io/FEMViewer/?mesh=https://raw.githubusercontent.com/ZibraMax/non-local-frequencies-nanostructures/refs/heads/main/Cubos\SiCube_24.150000000000002_2.0_0.9_20250428-175111.json&mode=6&magnif=6
5.323,2.0,182500000.0,48300000.0,67100000.0,13074.371464,SiCube_24.150000000000002_2.0_20250428-175213,Germanium,14.981468574741244,0.9,0.1334982608695652,3550.4469426244787,1.7379373,2.3290307,2.3978406,2.6428548,2.6977945,2.7301622,2,3,3,3,1,1,https://zibramax.github.io/FEMViewer/?mesh=https://raw.githubusercontent.com/ZibraMax/non-local-frequencies-nanostructures/refs/heads/main/Cubos\SiCube_24.150000000000002_2.0_0.9_20250428-175213.json&mode=6&magnif=6
2.329,2.0,223100000.0,63900000.0,79600000.0,12965.782017,SiCube_24.150000000000002_2.0_20250428-175325,Siliconium,14.981468574741244,0.9,0.1334982608695652,5846.174706140654,1.7379869,2.3316819,2.3985392,2.6658844,2.698081,2.7304552,2,3,3,3,1,1,https://zibramax.github.io/FEMViewer/?mesh=https://raw.githubusercontent.com/ZibraMax/non-local-frequencies-nanostructures/refs/heads/main/Cubos\SiCube_24.150000000000002_2.0_0.9_20250428-175325.json&mode=6&magnif=6
3.515,2.0,1280000000.0,124000000.0,578000000.0,13060.094789,SiCube_24.150000000000002_2.0_20250428-175111,Carbonium,14.981468574741244,1.0,0.1334982608695652,12823.342868880141,1.7834041,2.362074,2.4323037,2.4967188,2.7672584,2.7856783,2,3,3,3,2,1,https://zibramax.github.io/FEMViewer/?mesh=https://raw.githubusercontent.com/ZibraMax/non-local-frequencies-nanostructures/refs/heads/main/Cubos\SiCube_24.150000000000002_2.0_1.0_20250428-175111.json&mode=6&magnif=6
5.323,2.0,182500000.0,48300000.0,67100000.0,13074.371464,SiCube_24.150000000000002_2.0_20250428-175213,Germanium,14.981468574741244,1.0,0.1334982608695652,3550.4469426244787,1.7838103,2.3893885,2.4407244,2.7138801,2.7692855,2.7875846,2,3,3,3,2,1,https://zibramax.github.io/FEMViewer/?mesh=https://raw.githubusercontent.com/ZibraMax/non-local-frequencies-nanostructures/refs/heads/main/Cubos\SiCube_24.150000000000002_2.0_1.0_20250428-175213.json&mode=6&magnif=6
2.329,2.0,223100000.0,63900000.0,79600000.0,12965.782017,SiCube_24.150000000000002_2.0_20250428-175325,Siliconium,14.981468574741244,1.0,0.1334982608695652,5846.174706140654,1.7838598,2.3920287,2.4414878,2.7375484,2.769598,2.787892,2,3,3,3,2,1,https://zibramax.github.io/FEMViewer/?mesh=https://raw.githubusercontent.com/ZibraMax/non-local-frequencies-nanostructures/refs/heads/main/Cubos\SiCube_24.150000000000002_2.0_1.0_20250428-175325.json&mode=6&magnif=6
3.515,5.0,1280000000.0,124000000.0,578000000.0,14108.522787,SiCube_24.150000000000002_5.0_20250428-194119,Carbonium,14.981468574741244,0.0,0.33374565217391305,12823.342868880141,0.2469333,0.2470586,0.24754,0.2486172,0.2501784,0.2569741,2,3,1,3,3,1,https://zibramax.github.io/FEMViewer/?mesh=https://raw.githubusercontent.com/ZibraMax/non-local-frequencies-nanostructures/refs/heads/main/Cubos\SiCube_24.150000000000002_5.0_0.0_20250428-194119.json&mode=6&magnif=6
5.323,5.0,182500000.0,48300000.0,67100000.0,14076.15406,SiCube_24.150000000000002_5.0_20250428-194658,Germanium,14.981468574741244,0.0,0.33374565217391305,3550.4469426244787,0.2535247,0.2535405,0.2536855,0.2552889,0.2565333,0.2635856,2,3,1,3,3,1,https://zibramax.github.io/FEMViewer/?mesh=https://raw.githubusercontent.com/ZibraMax/non-local-frequencies-nanostructures/refs/heads/main/Cubos\SiCube_24.150000000000002_5.0_0.0_20250428-194658.json&mode=6&magnif=6
2.329,5.0,223100000.0,63900000.0,79600000.0,14108.811242,SiCube_24.150000000000002_5.0_20250428-194901,Siliconium,14.981468574741244,0.0,0.33374565217391305,5846.174706140654,0.2544145,0.2544234,0.2544968,0.2561975,0.2573831,0.2644558,3,2,1,3,3,1,https://zibramax.github.io/FEMViewer/?mesh=https://raw.githubusercontent.com/ZibraMax/non-local-frequencies-nanostructures/refs/heads/main/Cubos\SiCube_24.150000000000002_5.0_0.0_20250428-194901.json&mode=6&magnif=6
3.515,5.0,1280000000.0,124000000.0,578000000.0,14108.522787,SiCube_24.150000000000002_5.0_20250428-194119,Carbonium,14.981468574741244,0.1,0.33374565217391305,12823.342868880141,0.8376575,1.1086663,1.1160896,1.1386694,1.1499254,1.1722207,2,3,1,3,3,1,https://zibramax.github.io/FEMViewer/?mesh=https://raw.githubusercontent.com/ZibraMax/non-local-frequencies-nanostructures/refs/heads/main/Cubos\SiCube_24.150000000000002_5.0_0.1_20250428-194119.json&mode=6&magnif=6
5.323,5.0,182500000.0,48300000.0,67100000.0,14076.15406,SiCube_24.150000000000002_5.0_20250428-194658,Germanium,14.981468574741244,0.1,0.33374565217391305,3550.4469426244787,0.8382552,1.1170205,1.1327964,1.1751423,1.2358563,1.2625131,2,1,3,3,3,1,https://zibramax.github.io/FEMViewer/?mesh=https://raw.githubusercontent.com/ZibraMax/non-local-frequencies-nanostructures/refs/heads/main/Cubos\SiCube_24.150000000000002_5.0_0.1_20250428-194658.json&mode=6&magnif=6
2.329,5.0,223100000.0,63900000.0,79600000.0,14108.811242,SiCube_24.150000000000002_5.0_20250428-194901,Siliconium,14.981468574741244,0.1,0.33374565217391305,5846.174706140654,0.8383217,1.1171671,1.1347356,1.1785759,1.2449865,1.2723538,2,1,3,3,3,1,https://zibramax.github.io/FEMViewer/?mesh=https://raw.githubusercontent.com/ZibraMax/non-local-frequencies-nanostructures/refs/heads/main/Cubos\SiCube_24.150000000000002_5.0_0.1_20250428-194901.json&mode=6&magnif=6
3.515,5.0,1280000000.0,124000000.0,578000000.0,14108.522787,SiCube_24.150000000000002_5.0_20250428-194119,Carbonium,14.981468574741244,0.2,0.33374565217391305,12823.342868880141,0.9999611,1.3280981,1.3910283,1.407468,1.419701,1.4853038,2,3,3,1,3,1,https://zibramax.github.io/FEMViewer/?mesh=https://raw.githubusercontent.com/ZibraMax/non-local-frequencies-nanostructures/refs/heads/main/Cubos\SiCube_24.150000000000002_5.0_0.2_20250428-194119.json&mode=6&magnif=6
5.323,5.0,182500000.0,48300000.0,67100000.0,14076.15406,SiCube_24.150000000000002_5.0_20250428-194658,Germanium,14.981468574741244,0.2,0.33374565217391305,3550.4469426244787,1.0003951,1.3508519,1.4086802,1.4523955,1.5047811,1.6009112,2,3,1,3,3,1,https://zibramax.github.io/FEMViewer/?mesh=https://raw.githubusercontent.com/ZibraMax/non-local-frequencies-nanostructures/refs/heads/main/Cubos\SiCube_24.150000000000002_5.0_0.2_20250428-194658.json&mode=6&magnif=6
2.329,5.0,223100000.0,63900000.0,79600000.0,14108.811242,SiCube_24.150000000000002_5.0_20250428-194901,Siliconium,14.981468574741244,0.2,0.33374565217391305,5846.174706140654,1.0004462,1.3529205,1.408875,1.455141,1.5171055,1.6133986,2,3,1,3,3,1,https://zibramax.github.io/FEMViewer/?mesh=https://raw.githubusercontent.com/ZibraMax/non-local-frequencies-nanostructures/refs/heads/main/Cubos\SiCube_24.150000000000002_5.0_0.2_20250428-194901.json&mode=6&magnif=6
3.515,5.0,1280000000.0,124000000.0,578000000.0,14108.522787,SiCube_24.150000000000002_5.0_20250428-194119,Carbonium,14.981468574741244,0.3,0.33374565217391305,12823.342868880141,1.1326672,1.5041777,1.5814965,1.6414247,1.647284,1.7410247,2,3,3,3,1,1,https://zibramax.github.io/FEMViewer/?mesh=https://raw.githubusercontent.com/ZibraMax/non-local-frequencies-nanostructures/refs/heads/main/Cubos\SiCube_24.150000000000002_5.0_0.3_20250428-194119.json&mode=6&magnif=6
5.323,5.0,182500000.0,48300000.0,67100000.0,14076.15406,SiCube_24.150000000000002_5.0_20250428-194658,Germanium,14.981468574741244,0.3,0.33374565217391305,3550.4469426244787,1.1330614,1.5266612,1.6487539,1.6620481,1.7147865,1.8176359,2,3,1,3,3,1,https://zibramax.github.io/FEMViewer/?mesh=https://raw.githubusercontent.com/ZibraMax/non-local-frequencies-nanostructures/refs/heads/main/Cubos\SiCube_24.150000000000002_5.0_0.3_20250428-194658.json&mode=6&magnif=6
2.329,5.0,223100000.0,63900000.0,79600000.0,14108.811242,SiCube_24.150000000000002_5.0_20250428-194901,Siliconium,14.981468574741244,0.3,0.33374565217391305,5846.174706140654,1.1331091,1.5287694,1.6489906,1.6635688,1.7293,1.8251861,2,3,1,3,3,1,https://zibramax.github.io/FEMViewer/?mesh=https://raw.githubusercontent.com/ZibraMax/non-local-frequencies-nanostructures/refs/heads/main/Cubos\SiCube_24.150000000000002_5.0_0.3_20250428-194901.json&mode=6&magnif=6
3.515,5.0,1280000000.0,124000000.0,578000000.0,14108.522787,SiCube_24.150000000000002_5.0_20250428-194119,Carbonium,14.981468574741244,0.4,0.33374565217391305,12823.342868880141,1.2492554,1.6583022,1.74705,1.815027,1.856166,1.9140538,2,3,3,3,1,1,https://zibramax.github.io/FEMViewer/?mesh=https://raw.githubusercontent.com/ZibraMax/non-local-frequencies-nanostructures/refs/heads/main/Cubos\SiCube_24.150000000000002_5.0_0.4_20250428-194119.json&mode=6&magnif=6
5.323,5.0,182500000.0,48300000.0,67100000.0,14076.15406,SiCube_24.150000000000002_5.0_20250428-194658,Germanium,14.981468574741244,0.4,0.33374565217391305,3550.4469426244787,1.2496395,1.6810997,1.8232871,1.8578623,1.8964289,1.9982964,2,3,3,1,3,1,https://zibramax.github.io/FEMViewer/?mesh=https://raw.githubusercontent.com/ZibraMax/non-local-frequencies-nanostructures/refs/heads/main/Cubos\SiCube_24.150000000000002_5.0_0.4_20250428-194658.json&mode=6&magnif=6
2.329,5.0,223100000.0,63900000.0,79600000.0,14108.811242,SiCube_24.150000000000002_5.0_20250428-194901,Siliconium,14.981468574741244,0.4,0.33374565217391305,5846.174706140654,1.2496866,1.6832689,1.8239993,1.8581354,1.9127267,2.007224,2,3,3,1,3,1,https://zibramax.github.io/FEMViewer/?mesh=https://raw.githubusercontent.com/ZibraMax/non-local-frequencies-nanostructures/refs/heads/main/Cubos\SiCube_24.150000000000002_5.0_0.4_20250428-194901.json&mode=6&magnif=6
3.515,5.0,1280000000.0,124000000.0,578000000.0,14108.522787,SiCube_24.150000000000002_5.0_20250428-194119,Carbonium,14.981468574741244,0.5,0.33374565217391305,12823.342868880141,1.3549442,1.7978916,1.8964384,1.9496757,2.0437308,2.0804809,2,3,3,3,1,1,https://zibramax.github.io/FEMViewer/?mesh=https://raw.githubusercontent.com/ZibraMax/non-local-frequencies-nanostructures/refs/heads/main/Cubos\SiCube_24.150000000000002_5.0_0.5_20250428-194119.json&mode=6&magnif=6
5.323,5.0,182500000.0,48300000.0,67100000.0,14076.15406,SiCube_24.150000000000002_5.0_20250428-194658,Germanium,14.981468574741244,0.5,0.33374565217391305,3550.4469426244787,1.3553291,1.8212582,1.9546058,2.0456295,2.0599322,2.1734912,2,3,3,1,3,1,https://zibramax.github.io/FEMViewer/?mesh=https://raw.githubusercontent.com/ZibraMax/non-local-frequencies-nanostructures/refs/heads/main/Cubos\SiCube_24.150000000000002_5.0_0.5_20250428-194658.json&mode=6&magnif=6
2.329,5.0,223100000.0,63900000.0,79600000.0,14108.811242,SiCube_24.150000000000002_5.0_20250428-194901,Siliconium,14.981468574741244,0.5,0.33374565217391305,5846.174706140654,1.3553768,1.8235011,1.9551152,2.045935,2.0777875,2.1831818,2,3,3,1,3,1,https://zibramax.github.io/FEMViewer/?mesh=https://raw.githubusercontent.com/ZibraMax/non-local-frequencies-nanostructures/refs/heads/main/Cubos\SiCube_24.150000000000002_5.0_0.5_20250428-194901.json&mode=6&magnif=6
3.515,5.0,1280000000.0,124000000.0,578000000.0,14108.522787,SiCube_24.150000000000002_5.0_20250428-194119,Carbonium,14.981468574741244,0.6,0.33374565217391305,12823.342868880141,1.4525013,1.9267176,2.0340052,2.0639021,2.2154349,2.2421165,2,3,3,3,1,1,https://zibramax.github.io/FEMViewer/?mesh=https://raw.githubusercontent.com/ZibraMax/non-local-frequencies-nanostructures/refs/heads/main/Cubos\SiCube_24.150000000000002_5.0_0.6_20250428-194119.json&mode=6&magnif=6
5.323,5.0,182500000.0,48300000.0,67100000.0,14076.15406,SiCube_24.150000000000002_5.0_20250428-194658,Germanium,14.981468574741244,0.6,0.33374565217391305,3550.4469426244787,1.4528921,1.9507714,2.0691644,2.2102845,2.2175178,2.3400753,2,3,3,3,1,1,https://zibramax.github.io/FEMViewer/?mesh=https://raw.githubusercontent.com/ZibraMax/non-local-frequencies-nanostructures/refs/heads/main/Cubos\SiCube_24.150000000000002_5.0_0.6_20250428-194658.json&mode=6&magnif=6
2.329,5.0,223100000.0,63900000.0,79600000.0,14108.811242,SiCube_24.150000000000002_5.0_20250428-194901,Siliconium,14.981468574741244,0.6,0.33374565217391305,5846.174706140654,1.4529408,1.9530938,2.0696866,2.2178528,2.2295469,2.3502977,2,3,3,1,3,1,https://zibramax.github.io/FEMViewer/?mesh=https://raw.githubusercontent.com/ZibraMax/non-local-frequencies-nanostructures/refs/heads/main/Cubos\SiCube_24.150000000000002_5.0_0.6_20250428-194901.json&mode=6&magnif=6
3.515,5.0,1280000000.0,124000000.0,578000000.0,14108.522787,SiCube_24.150000000000002_5.0_20250428-194119,Carbonium,14.981468574741244,0.7,0.33374565217391305,12823.342868880141,1.5436416,2.047075,2.1623451,2.1672372,2.3747358,2.3953639,2,3,3,3,1,1,https://zibramax.github.io/FEMViewer/?mesh=https://raw.githubusercontent.com/ZibraMax/non-local-frequencies-nanostructures/refs/heads/main/Cubos\SiCube_24.150000000000002_5.0_0.7_20250428-194119.json&mode=6&magnif=6
5.323,5.0,182500000.0,48300000.0,67100000.0,14076.15406,SiCube_24.150000000000002_5.0_20250428-194658,Germanium,14.981468574741244,0.7,0.33374565217391305,3550.4469426244787,1.5440408,2.0718714,2.1733745,2.3504276,2.3769888,2.4884251,2,3,3,3,1,1,https://zibramax.github.io/FEMViewer/?mesh=https://raw.githubusercontent.com/ZibraMax/non-local-frequencies-nanostructures/refs/heads/main/Cubos\SiCube_24.150000000000002_5.0_0.7_20250428-194658.json&mode=6&magnif=6
2.329,5.0,223100000.0,63900000.0,79600000.0,14108.811242,SiCube_24.150000000000002_5.0_20250428-194901,Siliconium,14.981468574741244,0.7,0.33374565217391305,5846.174706140654,1.5440908,2.0742756,2.1739567,2.3709869,2.3773509,2.4889071,2,3,3,3,1,1,https://zibramax.github.io/FEMViewer/?mesh=https://raw.githubusercontent.com/ZibraMax/non-local-frequencies-nanostructures/refs/heads/main/Cubos\SiCube_24.150000000000002_5.0_0.7_20250428-194901.json&mode=6&magnif=6
3.515,5.0,1280000000.0,124000000.0,578000000.0,14108.522787,SiCube_24.150000000000002_5.0_20250428-194119,Carbonium,14.981468574741244,0.8,0.33374565217391305,12823.342868880141,1.6295296,2.1605085,2.2634145,2.2831818,2.5239902,2.5403413,2,3,3,3,1,1,https://zibramax.github.io/FEMViewer/?mesh=https://raw.githubusercontent.com/ZibraMax/non-local-frequencies-nanostructures/refs/heads/main/Cubos\SiCube_24.150000000000002_5.0_0.8_20250428-194119.json&mode=6&magnif=6
5.323,5.0,182500000.0,48300000.0,67100000.0,14076.15406,SiCube_24.150000000000002_5.0_20250428-194658,Germanium,14.981468574741244,0.8,0.33374565217391305,3550.4469426244787,1.6299385,2.1860715,2.270374,2.4822986,2.5264018,2.5885305,2,3,3,3,1,1,https://zibramax.github.io/FEMViewer/?mesh=https://raw.githubusercontent.com/ZibraMax/non-local-frequencies-nanostructures/refs/heads/main/Cubos\SiCube_24.150000000000002_5.0_0.8_20250428-194658.json&mode=6&magnif=6
2.329,5.0,223100000.0,63900000.0,79600000.0,14108.811242,SiCube_24.150000000000002_5.0_20250428-194901,Siliconium,14.981468574741244,0.8,0.33374565217391305,5846.174706140654,1.6299899,2.188558,2.2710201,2.5040691,2.5267892,2.5889506,2,3,3,3,1,1,https://zibramax.github.io/FEMViewer/?mesh=https://raw.githubusercontent.com/ZibraMax/non-local-frequencies-nanostructures/refs/heads/main/Cubos\SiCube_24.150000000000002_5.0_0.8_20250428-194901.json&mode=6&magnif=6
3.515,5.0,1280000000.0,124000000.0,578000000.0,14108.522787,SiCube_24.150000000000002_5.0_20250428-194119,Carbonium,14.981468574741244,0.9,0.33374565217391305,12823.342868880141,1.711005,2.2681277,2.3542394,2.3977418,2.6648906,2.6779194,2,3,3,3,1,1,https://zibramax.github.io/FEMViewer/?mesh=https://raw.githubusercontent.com/ZibraMax/non-local-frequencies-nanostructures/refs/heads/main/Cubos\SiCube_24.150000000000002_5.0_0.9_20250428-194119.json&mode=6&magnif=6
5.323,5.0,182500000.0,48300000.0,67100000.0,14076.15406,SiCube_24.150000000000002_5.0_20250428-194658,Germanium,14.981468574741244,0.9,0.33374565217391305,3550.4469426244787,1.7114243,2.2944647,2.361898,2.6072664,2.6674513,2.683655,2,3,3,3,1,1,https://zibramax.github.io/FEMViewer/?mesh=https://raw.githubusercontent.com/ZibraMax/non-local-frequencies-nanostructures/refs/heads/main/Cubos\SiCube_24.150000000000002_5.0_0.9_20250428-194658.json&mode=6&magnif=6
2.329,5.0,223100000.0,63900000.0,79600000.0,14108.811242,SiCube_24.150000000000002_5.0_20250428-194901,Siliconium,14.981468574741244,0.9,0.33374565217391305,5846.174706140654,1.7114771,2.2970329,2.3626026,2.6301786,2.6678624,2.6840774,2,3,3,3,1,1,https://zibramax.github.io/FEMViewer/?mesh=https://raw.githubusercontent.com/ZibraMax/non-local-frequencies-nanostructures/refs/heads/main/Cubos\SiCube_24.150000000000002_5.0_0.9_20250428-194901.json&mode=6&magnif=6
3.515,5.0,1280000000.0,124000000.0,578000000.0,14108.522787,SiCube_24.150000000000002_5.0_20250428-194119,Carbonium,14.981468574741244,1.0,0.33374565217391305,12823.342868880141,1.7886997,2.3707658,2.4407697,2.5069395,2.7719216,2.798701,2,3,3,3,2,1,https://zibramax.github.io/FEMViewer/?mesh=https://raw.githubusercontent.com/ZibraMax/non-local-frequencies-nanostructures/refs/heads/main/Cubos\SiCube_24.150000000000002_5.0_1.0_20250428-194119.json&mode=6&magnif=6
5.323,5.0,182500000.0,48300000.0,67100000.0,14076.15406,SiCube_24.150000000000002_5.0_20250428-194658,Germanium,14.981468574741244,1.0,0.33374565217391305,3550.4469426244787,1.7891299,2.3978748,2.4490213,2.7263474,2.7748504,2.8014028,2,3,3,3,2,1,https://zibramax.github.io/FEMViewer/?mesh=https://raw.githubusercontent.com/ZibraMax/non-local-frequencies-nanostructures/refs/heads/main/Cubos\SiCube_24.150000000000002_5.0_1.0_20250428-194658.json&mode=6&magnif=6
2.329,5.0,223100000.0,63900000.0,79600000.0,14108.811242,SiCube_24.150000000000002_5.0_20250428-194901,Siliconium,14.981468574741244,1.0,0.33374565217391305,5846.174706140654,1.7891842,2.4005237,2.4497782,2.7503432,2.775292,2.8018364,2,3,3,3,2,1,https://zibramax.github.io/FEMViewer/?mesh=https://raw.githubusercontent.com/ZibraMax/non-local-frequencies-nanostructures/refs/heads/main/Cubos\SiCube_24.150000000000002_5.0_1.0_20250428-194901.json&mode=6&magnif=6
2.329,2.0,223100000.0,63900000.0,79600000.0,14837.444038,SiCube_8.05_2.0_20250428-105533,Siliconium,4.993822858247082,0.0,0.4004947826086956,5846.174706140654,0.1779176,0.1781822,0.1783793,0.1784853,0.1788542,0.1844121,3,2,3,3,1,1,https://zibramax.github.io/FEMViewer/?mesh=https://raw.githubusercontent.com/ZibraMax/non-local-frequencies-nanostructures/refs/heads/main/Cubos\SiCube_8.05_2.0_0.0_20250428-105533.json&mode=6&magnif=6
2.329,2.0,223100000.0,63900000.0,79600000.0,14837.444038,SiCube_8.05_2.0_20250428-105533,Siliconium,4.993822858247082,0.1,0.4004947826086956,5846.174706140654,0.7674993,1.0353359,1.0407253,1.0898999,1.1520443,1.1839567,2,1,3,3,3,1,https://zibramax.github.io/FEMViewer/?mesh=https://raw.githubusercontent.com/ZibraMax/non-local-frequencies-nanostructures/refs/heads/main/Cubos\SiCube_8.05_2.0_0.1_20250428-105533.json&mode=6&magnif=6
2.329,2.0,223100000.0,63900000.0,79600000.0,14837.444038,SiCube_8.05_2.0_20250428-105533,Siliconium,4.993822858247082,0.2,0.4004947826086956,5846.174706140654,0.9450511,1.2771817,1.3515261,1.3884673,1.4396414,1.5386215,2,3,1,3,3,1,https://zibramax.github.io/FEMViewer/?mesh=https://raw.githubusercontent.com/ZibraMax/non-local-frequencies-nanostructures/refs/heads/main/Cubos\SiCube_8.05_2.0_0.2_20250428-105533.json&mode=6&magnif=6
2.329,2.0,223100000.0,63900000.0,79600000.0,14837.444038,SiCube_8.05_2.0_20250428-105533,Siliconium,4.993822858247082,0.3,0.4004947826086956,5846.174706140654,1.0893153,1.4685113,1.6053674,1.6062583,1.6664583,1.752537,2,3,3,1,3,1,https://zibramax.github.io/FEMViewer/?mesh=https://raw.githubusercontent.com/ZibraMax/non-local-frequencies-nanostructures/refs/heads/main/Cubos\SiCube_8.05_2.0_0.3_20250428-105533.json&mode=6&magnif=6
2.329,2.0,223100000.0,63900000.0,79600000.0,14837.444038,SiCube_8.05_2.0_20250428-105533,Siliconium,4.993822858247082,0.4,0.4004947826086956,5846.174706140654,1.2152076,1.6357331,1.7713603,1.8256966,1.8625825,1.9555486,2,3,3,1,3,1,https://zibramax.github.io/FEMViewer/?mesh=https://raw.githubusercontent.com/ZibraMax/non-local-frequencies-nanostructures/refs/heads/main/Cubos\SiCube_8.05_2.0_0.4_20250428-105533.json&mode=6&magnif=6
2.329,2.0,223100000.0,63900000.0,79600000.0,14837.444038,SiCube_8.05_2.0_20250428-105533,Siliconium,4.993822858247082,0.5,0.4004947826086956,5846.174706140654,1.3286675,1.7866509,1.910303,2.0214177,2.038626,2.1461996,2,3,3,1,3,1,https://zibramax.github.io/FEMViewer/?mesh=https://raw.githubusercontent.com/ZibraMax/non-local-frequencies-nanostructures/refs/heads/main/Cubos\SiCube_8.05_2.0_0.5_20250428-105533.json&mode=6&magnif=6
2.329,2.0,223100000.0,63900000.0,79600000.0,14837.444038,SiCube_8.05_2.0_20250428-105533,Siliconium,4.993822858247082,0.6,0.4004947826086956,5846.174706140654,1.4328965,1.9254321,2.0339786,2.1997771,2.1999977,2.3239548,2,3,3,1,3,1,https://zibramax.github.io/FEMViewer/?mesh=https://raw.githubusercontent.com/ZibraMax/non-local-frequencies-nanostructures/refs/heads/main/Cubos\SiCube_8.05_2.0_0.6_20250428-105533.json&mode=6&magnif=6
2.329,2.0,223100000.0,63900000.0,79600000.0,14837.444038,SiCube_8.05_2.0_20250428-105533,Siliconium,4.993822858247082,0.7,0.4004947826086956,5846.174706140654,1.5298876,2.0546736,2.1475948,2.3499675,2.3647131,2.4540736,2,3,3,3,1,1,https://zibramax.github.io/FEMViewer/?mesh=https://raw.githubusercontent.com/ZibraMax/non-local-frequencies-nanostructures/refs/heads/main/Cubos\SiCube_8.05_2.0_0.7_20250428-105533.json&mode=6&magnif=6
2.329,2.0,223100000.0,63900000.0,79600000.0,14837.444038,SiCube_8.05_2.0_20250428-105533,Siliconium,4.993822858247082,0.8,0.4004947826086956,5846.174706140654,1.6209926,2.176141,2.2538098,2.4907153,2.5188668,2.5664906,2,3,3,3,1,1,https://zibramax.github.io/FEMViewer/?mesh=https://raw.githubusercontent.com/ZibraMax/non-local-frequencies-nanostructures/refs/heads/main/Cubos\SiCube_8.05_2.0_0.8_20250428-105533.json&mode=6&magnif=6
2.329,2.0,223100000.0,63900000.0,79600000.0,14837.444038,SiCube_8.05_2.0_20250428-105533,Siliconium,4.993822858247082,0.9,0.4004947826086956,5846.174706140654,1.7071824,2.2911062,2.3541939,2.6237901,2.6641124,2.6732166,2,3,3,3,1,1,https://zibramax.github.io/FEMViewer/?mesh=https://raw.githubusercontent.com/ZibraMax/non-local-frequencies-nanostructures/refs/heads/main/Cubos\SiCube_8.05_2.0_0.9_20250428-105533.json&mode=6&magnif=6
2.329,2.0,223100000.0,63900000.0,79600000.0,14837.444038,SiCube_8.05_2.0_20250428-105533,Siliconium,4.993822858247082,1.0,0.4004947826086956,5846.174706140654,1.7891842,2.4005237,2.4497782,2.7503432,2.775292,2.8018364,2,3,3,3,2,1,https://zibramax.github.io/FEMViewer/?mesh=https://raw.githubusercontent.com/ZibraMax/non-local-frequencies-nanostructures/refs/heads/main/Cubos\SiCube_8.05_2.0_1.0_20250428-105533.json&mode=6&magnif=6
2.329,5.0,223100000.0,63900000.0,79600000.0,14812.23457,SiCube_8.05_5.0_20250428-105534,Siliconium,4.993822858247082,0.0,1.001236956521739,5846.174706140654,0.0287085,0.0287086,0.0287452,0.0287874,0.0288363,0.0298485,3,2,3,3,1,1,https://zibramax.github.io/FEMViewer/?mesh=https://raw.githubusercontent.com/ZibraMax/non-local-frequencies-nanostructures/refs/heads/main/Cubos\SiCube_8.05_5.0_0.0_20250428-105534.json&mode=6&magnif=6
2.329,5.0,223100000.0,63900000.0,79600000.0,14812.23457,SiCube_8.05_5.0_20250428-105534,Siliconium,4.993822858247082,0.1,1.001236956521739,5846.174706140654,0.588364,0.7916054,0.8828255,0.8943714,0.9033438,0.9552817,2,3,3,1,3,1,https://zibramax.github.io/FEMViewer/?mesh=https://raw.githubusercontent.com/ZibraMax/non-local-frequencies-nanostructures/refs/heads/main/Cubos\SiCube_8.05_5.0_0.1_20250428-105534.json&mode=6&magnif=6
2.329,5.0,223100000.0,63900000.0,79600000.0,14812.23457,SiCube_8.05_5.0_20250428-105534,Siliconium,4.993822858247082,0.2,1.001236956521739,5846.174706140654,0.8146508,1.0943958,1.1772368,1.251645,1.2582861,1.3264475,2,3,3,3,1,1,https://zibramax.github.io/FEMViewer/?mesh=https://raw.githubusercontent.com/ZibraMax/non-local-frequencies-nanostructures/refs/heads/main/Cubos\SiCube_8.05_5.0_0.2_20250428-105534.json&mode=6&magnif=6
2.329,5.0,223100000.0,63900000.0,79600000.0,14812.23457,SiCube_8.05_5.0_20250428-105534,Siliconium,4.993822858247082,0.3,1.001236956521739,5846.174706140654,0.9904161,1.329821,1.4036394,1.5220262,1.5383958,1.6039928,2,3,3,3,1,1,https://zibramax.github.io/FEMViewer/?mesh=https://raw.githubusercontent.com/ZibraMax/non-local-frequencies-nanostructures/refs/heads/main/Cubos\SiCube_8.05_5.0_0.3_20250428-105534.json&mode=6&magnif=6
2.329,5.0,223100000.0,63900000.0,79600000.0,14812.23457,SiCube_8.05_5.0_20250428-105534,Siliconium,4.993822858247082,0.4,1.001236956521739,5846.174706140654,1.1393581,1.5293985,1.5966357,1.7510998,1.7748345,1.8198121,2,3,3,3,1,1,https://zibramax.github.io/FEMViewer/?mesh=https://raw.githubusercontent.com/ZibraMax/non-local-frequencies-nanostructures/refs/heads/main/Cubos\SiCube_8.05_5.0_0.4_20250428-105534.json&mode=6&magnif=6
2.329,5.0,223100000.0,63900000.0,79600000.0,14812.23457,SiCube_8.05_5.0_20250428-105534,Siliconium,4.993822858247082,0.5,1.001236956521739,5846.174706140654,1.2709554,1.7057729,1.7681027,1.953477,1.9832834,2.0115235,2,3,3,3,1,1,https://zibramax.github.io/FEMViewer/?mesh=https://raw.githubusercontent.com/ZibraMax/non-local-frequencies-nanostructures/refs/heads/main/Cubos\SiCube_8.05_5.0_0.5_20250428-105534.json&mode=6&magnif=6
2.329,5.0,223100000.0,63900000.0,79600000.0,14812.23457,SiCube_8.05_5.0_20250428-105534,Siliconium,4.993822858247082,0.6,1.001236956521739,5846.174706140654,1.3901464,1.8655416,1.9240782,2.1367643,2.1718168,2.1860482,2,3,3,3,1,1,https://zibramax.github.io/FEMViewer/?mesh=https://raw.githubusercontent.com/ZibraMax/non-local-frequencies-nanostructures/refs/heads/main/Cubos\SiCube_8.05_5.0_0.6_20250428-105534.json&mode=6&magnif=6
2.329,5.0,223100000.0,63900000.0,79600000.0,14812.23457,SiCube_8.05_5.0_20250428-105534,Siliconium,4.993822858247082,0.7,1.001236956521739,5846.174706140654,1.4998934,2.0126649,2.068179,2.3055221,2.3452427,2.3474182,2,3,3,3,1,1,https://zibramax.github.io/FEMViewer/?mesh=https://raw.githubusercontent.com/ZibraMax/non-local-frequencies-nanostructures/refs/heads/main/Cubos\SiCube_8.05_5.0_0.7_20250428-105534.json&mode=6&magnif=6
2.329,5.0,223100000.0,63900000.0,79600000.0,14812.23457,SiCube_8.05_5.0_20250428-105534,Siliconium,4.993822858247082,0.8,1.001236956521739,5846.174706140654,1.602139,2.1497415,2.2027879,2.4627406,2.4982672,2.5066986,2,3,3,3,2,1,https://zibramax.github.io/FEMViewer/?mesh=https://raw.githubusercontent.com/ZibraMax/non-local-frequencies-nanostructures/refs/heads/main/Cubos\SiCube_8.05_5.0_0.8_20250428-105534.json&mode=6&magnif=6
2.329,5.0,223100000.0,63900000.0,79600000.0,14812.23457,SiCube_8.05_5.0_20250428-105534,Siliconium,4.993822858247082,0.9,1.001236956521739,5846.174706140654,1.698239,2.2785857,2.3295777,2.6105061,2.6404398,2.6583666,2,3,3,3,2,1,https://zibramax.github.io/FEMViewer/?mesh=https://raw.githubusercontent.com/ZibraMax/non-local-frequencies-nanostructures/refs/heads/main/Cubos\SiCube_8.05_5.0_0.9_20250428-105534.json&mode=6&magnif=6
2.329,5.0,223100000.0,63900000.0,79600000.0,14812.23457,SiCube_8.05_5.0_20250428-105534,Siliconium,4.993822858247082,1.0,1.001236956521739,5846.174706140654,1.7891842,2.4005237,2.4497782,2.7503432,2.775292,2.8018364,2,3,3,3,2,1,https://zibramax.github.io/FEMViewer/?mesh=https://raw.githubusercontent.com/ZibraMax/non-local-frequencies-nanostructures/refs/heads/main/Cubos\SiCube_8.05_5.0_1.0_20250428-105534.json&mode=6&magnif=6
