rho,l,C11,C12,C44,duration,name,material,R,z1,l/R,Ct,ne,eta1,eta2,eta3,eta4,eta5,eta6,count_eta1,count_eta2,count_eta3,count_eta4,count_eta5,count_eta6,link
2.329,1.0,166000000.0,63900000.0,79600000.0,5.305114,Cube_10.0_1.0_20250802-112641,Silicon cubic,6.203506656207554,0.0,0.16119915,5846.174706140654,27,1.2016833,1.2958236,1.3633743,1.470597,1.5269399,1.595233,2,1,3,3,2,1,https://zibramax.github.io/FEMViewer/?mesh=https://raw.githubusercontent.com/ZibraMax/non-local-frequencies-nanostructures/refs/heads/main/Cubos_Enmallado\Cube_10.0_1.0_0.0_20250802-112641.json&mode=6&magnif=6
2.329,1.0,166000000.0,63900000.0,79600000.0,282.33913,Cube_10.0_1.0_20250802-112642,Silicon cubic,6.203506656207554,0.0,0.16119915,5846.174706140654,216,1.068416,1.1733936,1.2165651,1.2973033,1.3029595,1.3171864,2,1,3,3,2,1,https://zibramax.github.io/FEMViewer/?mesh=https://raw.githubusercontent.com/ZibraMax/non-local-frequencies-nanostructures/refs/heads/main/Cubos_Enmallado\Cube_10.0_1.0_0.0_20250802-112642.json&mode=6&magnif=6
2.329,1.0,166000000.0,63900000.0,79600000.0,3050.7706,Cube_10.0_1.0_20250802-112643,Silicon cubic,6.203506656207554,0.0,0.16119915,5846.174706140654,729,1.0438944,1.0766071,1.0784513,1.0799456,1.0829995,1.0860852,2,1,3,3,1,1,https://zibramax.github.io/FEMViewer/?mesh=https://raw.githubusercontent.com/ZibraMax/non-local-frequencies-nanostructures/refs/heads/main/Cubos_Enmallado\Cube_10.0_1.0_0.0_20250802-112643.json&mode=6&magnif=6
2.329,1.0,166000000.0,63900000.0,79600000.0,5552.242606,Cube_10.0_1.0_20250802-112644,Silicon cubic,6.203506656207554,0.0,0.16119915,5846.174706140654,1000,0.9860009,0.9883778,0.9911947,0.9921246,0.9932347,0.999969,1,3,3,2,3,1,https://zibramax.github.io/FEMViewer/?mesh=https://raw.githubusercontent.com/ZibraMax/non-local-frequencies-nanostructures/refs/heads/main/Cubos_Enmallado\Cube_10.0_1.0_0.0_20250802-112644.json&mode=6&magnif=6
2.329,1.0,166000000.0,63900000.0,79600000.0,5.305114,Cube_10.0_1.0_20250802-112641,Silicon cubic,6.203506656207554,0.1,0.16119915,5846.174706140654,27,1.3183083,1.4784434,1.5087527,1.6567666,1.7868722,1.7989461,2,3,1,3,2,1,https://zibramax.github.io/FEMViewer/?mesh=https://raw.githubusercontent.com/ZibraMax/non-local-frequencies-nanostructures/refs/heads/main/Cubos_Enmallado\Cube_10.0_1.0_0.1_20250802-112641.json&mode=6&magnif=6
2.329,1.0,166000000.0,63900000.0,79600000.0,282.33913,Cube_10.0_1.0_20250802-112642,Silicon cubic,6.203506656207554,0.1,0.16119915,5846.174706140654,216,1.197648,1.3557187,1.3753792,1.5241264,1.5850964,1.6014176,2,1,3,3,2,1,https://zibramax.github.io/FEMViewer/?mesh=https://raw.githubusercontent.com/ZibraMax/non-local-frequencies-nanostructures/refs/heads/main/Cubos_Enmallado\Cube_10.0_1.0_0.1_20250802-112642.json&mode=6&magnif=6
2.329,1.0,166000000.0,63900000.0,79600000.0,3050.7706,Cube_10.0_1.0_20250802-112643,Silicon cubic,6.203506656207554,0.1,0.16119915,5846.174706140654,729,1.1827862,1.3338287,1.3590668,1.505005,1.5543625,1.5687131,2,1,3,3,2,1,https://zibramax.github.io/FEMViewer/?mesh=https://raw.githubusercontent.com/ZibraMax/non-local-frequencies-nanostructures/refs/heads/main/Cubos_Enmallado\Cube_10.0_1.0_0.1_20250802-112643.json&mode=6&magnif=6
2.329,1.0,166000000.0,63900000.0,79600000.0,5552.242606,Cube_10.0_1.0_20250802-112644,Silicon cubic,6.203506656207554,0.1,0.16119915,5846.174706140654,1000,1.1808148,1.3306471,1.3563728,1.5025251,1.5498075,1.5636929,2,1,3,3,2,1,https://zibramax.github.io/FEMViewer/?mesh=https://raw.githubusercontent.com/ZibraMax/non-local-frequencies-nanostructures/refs/heads/main/Cubos_Enmallado\Cube_10.0_1.0_0.1_20250802-112644.json&mode=6&magnif=6
2.329,1.0,166000000.0,63900000.0,79600000.0,5.305114,Cube_10.0_1.0_20250802-112641,Silicon cubic,6.203506656207554,0.2,0.16119915,5846.174706140654,27,1.4124772,1.5774236,1.6932098,1.8169371,1.9341891,1.9483756,2,3,1,3,3,1,https://zibramax.github.io/FEMViewer/?mesh=https://raw.githubusercontent.com/ZibraMax/non-local-frequencies-nanostructures/refs/heads/main/Cubos_Enmallado\Cube_10.0_1.0_0.2_20250802-112641.json&mode=6&magnif=6
2.329,1.0,166000000.0,63900000.0,79600000.0,282.33913,Cube_10.0_1.0_20250802-112642,Silicon cubic,6.203506656207554,0.2,0.16119915,5846.174706140654,216,1.2922621,1.4739318,1.5018959,1.6738951,1.7502884,1.7754091,2,3,1,3,3,1,https://zibramax.github.io/FEMViewer/?mesh=https://raw.githubusercontent.com/ZibraMax/non-local-frequencies-nanostructures/refs/heads/main/Cubos_Enmallado\Cube_10.0_1.0_0.2_20250802-112642.json&mode=6&magnif=6
2.329,1.0,166000000.0,63900000.0,79600000.0,3050.7706,Cube_10.0_1.0_20250802-112643,Silicon cubic,6.203506656207554,0.2,0.16119915,5846.174706140654,729,1.2754149,1.4564805,1.4708795,1.6520358,1.7168746,1.7350982,2,3,1,3,3,1,https://zibramax.github.io/FEMViewer/?mesh=https://raw.githubusercontent.com/ZibraMax/non-local-frequencies-nanostructures/refs/heads/main/Cubos_Enmallado\Cube_10.0_1.0_0.2_20250802-112643.json&mode=6&magnif=6
2.329,1.0,166000000.0,63900000.0,79600000.0,5552.242606,Cube_10.0_1.0_20250802-112644,Silicon cubic,6.203506656207554,0.2,0.16119915,5846.174706140654,1000,1.2730133,1.4536249,1.4663074,1.6490783,1.7116273,1.7291187,2,3,1,3,3,1,https://zibramax.github.io/FEMViewer/?mesh=https://raw.githubusercontent.com/ZibraMax/non-local-frequencies-nanostructures/refs/heads/main/Cubos_Enmallado\Cube_10.0_1.0_0.2_20250802-112644.json&mode=6&magnif=6
2.329,1.0,166000000.0,63900000.0,79600000.0,5.305114,Cube_10.0_1.0_20250802-112641,Silicon cubic,6.203506656207554,0.3,0.16119915,5846.174706140654,27,1.4952944,1.6676075,1.8588634,1.9610622,2.0184057,2.0528692,2,3,1,3,2,1,https://zibramax.github.io/FEMViewer/?mesh=https://raw.githubusercontent.com/ZibraMax/non-local-frequencies-nanostructures/refs/heads/main/Cubos_Enmallado\Cube_10.0_1.0_0.3_20250802-112641.json&mode=6&magnif=6
2.329,1.0,166000000.0,63900000.0,79600000.0,282.33913,Cube_10.0_1.0_20250802-112642,Silicon cubic,6.203506656207554,0.3,0.16119915,5846.174706140654,216,1.3740748,1.559067,1.6333059,1.8044609,1.8691009,1.9365493,2,3,1,3,3,1,https://zibramax.github.io/FEMViewer/?mesh=https://raw.githubusercontent.com/ZibraMax/non-local-frequencies-nanostructures/refs/heads/main/Cubos_Enmallado\Cube_10.0_1.0_0.3_20250802-112642.json&mode=6&magnif=6
2.329,1.0,166000000.0,63900000.0,79600000.0,3050.7706,Cube_10.0_1.0_20250802-112643,Silicon cubic,6.203506656207554,0.3,0.16119915,5846.174706140654,729,1.3554543,1.5397134,1.5942329,1.7791395,1.8340851,1.8870284,2,3,1,3,3,1,https://zibramax.github.io/FEMViewer/?mesh=https://raw.githubusercontent.com/ZibraMax/non-local-frequencies-nanostructures/refs/heads/main/Cubos_Enmallado\Cube_10.0_1.0_0.3_20250802-112643.json&mode=6&magnif=6
2.329,1.0,166000000.0,63900000.0,79600000.0,5552.242606,Cube_10.0_1.0_20250802-112644,Silicon cubic,6.203506656207554,0.3,0.16119915,5846.174706140654,1000,1.3527053,1.5365749,1.5884066,1.7755619,1.8285483,1.8796136,2,3,1,3,3,1,https://zibramax.github.io/FEMViewer/?mesh=https://raw.githubusercontent.com/ZibraMax/non-local-frequencies-nanostructures/refs/heads/main/Cubos_Enmallado\Cube_10.0_1.0_0.3_20250802-112644.json&mode=6&magnif=6
2.329,1.0,166000000.0,63900000.0,79600000.0,5.305114,Cube_10.0_1.0_20250802-112641,Silicon cubic,6.203506656207554,0.4,0.16119915,5846.174706140654,27,1.5709312,1.7516987,2.0106658,2.0724659,2.0932111,2.1614603,2,3,1,2,3,1,https://zibramax.github.io/FEMViewer/?mesh=https://raw.githubusercontent.com/ZibraMax/non-local-frequencies-nanostructures/refs/heads/main/Cubos_Enmallado\Cube_10.0_1.0_0.4_20250802-112641.json&mode=6&magnif=6
2.329,1.0,166000000.0,63900000.0,79600000.0,282.33913,Cube_10.0_1.0_20250802-112642,Silicon cubic,6.203506656207554,0.4,0.16119915,5846.174706140654,216,1.4481747,1.6369297,1.7542494,1.9224987,1.9733023,1.9973828,2,3,1,3,3,1,https://zibramax.github.io/FEMViewer/?mesh=https://raw.githubusercontent.com/ZibraMax/non-local-frequencies-nanostructures/refs/heads/main/Cubos_Enmallado\Cube_10.0_1.0_0.4_20250802-112642.json&mode=6&magnif=6
2.329,1.0,166000000.0,63900000.0,79600000.0,3050.7706,Cube_10.0_1.0_20250802-112643,Silicon cubic,6.203506656207554,0.4,0.16119915,5846.174706140654,729,1.4279919,1.61551,1.7080086,1.8936718,1.9362826,1.9783016,2,3,1,3,3,1,https://zibramax.github.io/FEMViewer/?mesh=https://raw.githubusercontent.com/ZibraMax/non-local-frequencies-nanostructures/refs/heads/main/Cubos_Enmallado\Cube_10.0_1.0_0.4_20250802-112643.json&mode=6&magnif=6
2.329,1.0,166000000.0,63900000.0,79600000.0,5552.242606,Cube_10.0_1.0_20250802-112644,Silicon cubic,6.203506656207554,0.4,0.16119915,5846.174706140654,1000,1.4249535,1.6120622,1.7010589,1.8894644,1.9304203,1.9736525,2,3,1,3,3,1,https://zibramax.github.io/FEMViewer/?mesh=https://raw.githubusercontent.com/ZibraMax/non-local-frequencies-nanostructures/refs/heads/main/Cubos_Enmallado\Cube_10.0_1.0_0.4_20250802-112644.json&mode=6&magnif=6
2.329,1.0,166000000.0,63900000.0,79600000.0,5.305114,Cube_10.0_1.0_20250802-112641,Silicon cubic,6.203506656207554,0.5,0.16119915,5846.174706140654,27,1.6414463,1.8311008,2.1222519,2.1516586,2.2154223,2.2628729,2,3,2,1,3,1,https://zibramax.github.io/FEMViewer/?mesh=https://raw.githubusercontent.com/ZibraMax/non-local-frequencies-nanostructures/refs/heads/main/Cubos_Enmallado\Cube_10.0_1.0_0.5_20250802-112641.json&mode=6&magnif=6
2.329,1.0,166000000.0,63900000.0,79600000.0,282.33913,Cube_10.0_1.0_20250802-112642,Silicon cubic,6.203506656207554,0.5,0.16119915,5846.174706140654,216,1.5168806,1.7098069,1.8670609,2.0305331,2.0435925,2.0684427,2,3,1,3,2,1,https://zibramax.github.io/FEMViewer/?mesh=https://raw.githubusercontent.com/ZibraMax/non-local-frequencies-nanostructures/refs/heads/main/Cubos_Enmallado\Cube_10.0_1.0_0.5_20250802-112642.json&mode=6&magnif=6
2.329,1.0,166000000.0,63900000.0,79600000.0,3050.7706,Cube_10.0_1.0_20250802-112643,Silicon cubic,6.203506656207554,0.5,0.16119915,5846.174706140654,729,1.4952836,1.6863101,1.8143363,1.9982629,2.0266328,2.0292298,2,3,1,3,2,1,https://zibramax.github.io/FEMViewer/?mesh=https://raw.githubusercontent.com/ZibraMax/non-local-frequencies-nanostructures/refs/heads/main/Cubos_Enmallado\Cube_10.0_1.0_0.5_20250802-112643.json&mode=6&magnif=6
2.329,1.0,166000000.0,63900000.0,79600000.0,5552.242606,Cube_10.0_1.0_20250802-112644,Silicon cubic,6.203506656207554,0.5,0.16119915,5846.174706140654,1000,1.4919929,1.6825499,1.8063675,1.9934386,2.0229368,2.0230228,2,3,1,3,2,1,https://zibramax.github.io/FEMViewer/?mesh=https://raw.githubusercontent.com/ZibraMax/non-local-frequencies-nanostructures/refs/heads/main/Cubos_Enmallado\Cube_10.0_1.0_0.5_20250802-112644.json&mode=6&magnif=6
2.329,1.0,166000000.0,63900000.0,79600000.0,5.305114,Cube_10.0_1.0_20250802-112641,Silicon cubic,6.203506656207554,0.6,0.16119915,5846.174706140654,27,1.7080228,1.9066796,2.1697156,2.2838924,2.3285507,2.35873,2,3,2,1,3,1,https://zibramax.github.io/FEMViewer/?mesh=https://raw.githubusercontent.com/ZibraMax/non-local-frequencies-nanostructures/refs/heads/main/Cubos_Enmallado\Cube_10.0_1.0_0.6_20250802-112641.json&mode=6&magnif=6
2.329,1.0,166000000.0,63900000.0,79600000.0,282.33913,Cube_10.0_1.0_20250802-112642,Silicon cubic,6.203506656207554,0.6,0.16119915,5846.174706140654,216,1.5814892,1.7788667,1.9732593,2.0880566,2.1296558,2.1571795,2,3,1,2,3,1,https://zibramax.github.io/FEMViewer/?mesh=https://raw.githubusercontent.com/ZibraMax/non-local-frequencies-nanostructures/refs/heads/main/Cubos_Enmallado\Cube_10.0_1.0_0.6_20250802-112642.json&mode=6&magnif=6
2.329,1.0,166000000.0,63900000.0,79600000.0,3050.7706,Cube_10.0_1.0_20250802-112643,Silicon cubic,6.203506656207554,0.6,0.16119915,5846.174706140654,729,1.5585845,1.7533339,1.9145886,2.0701169,2.0940426,2.1156938,2,3,1,2,3,1,https://zibramax.github.io/FEMViewer/?mesh=https://raw.githubusercontent.com/ZibraMax/non-local-frequencies-nanostructures/refs/heads/main/Cubos_Enmallado\Cube_10.0_1.0_0.6_20250802-112643.json&mode=6&magnif=6
2.329,1.0,166000000.0,63900000.0,79600000.0,5552.242606,Cube_10.0_1.0_20250802-112644,Silicon cubic,6.203506656207554,0.6,0.16119915,5846.174706140654,1000,1.555067,1.7492664,1.905684,2.0665011,2.0886253,2.1091339,2,3,1,2,3,1,https://zibramax.github.io/FEMViewer/?mesh=https://raw.githubusercontent.com/ZibraMax/non-local-frequencies-nanostructures/refs/heads/main/Cubos_Enmallado\Cube_10.0_1.0_0.6_20250802-112644.json&mode=6&magnif=6
2.329,1.0,166000000.0,63900000.0,79600000.0,5.305114,Cube_10.0_1.0_20250802-112641,Silicon cubic,6.203506656207554,0.7,0.16119915,5846.174706140654,27,1.7714139,1.9790281,2.2155235,2.4088341,2.432404,2.4500593,2,3,2,1,3,1,https://zibramax.github.io/FEMViewer/?mesh=https://raw.githubusercontent.com/ZibraMax/non-local-frequencies-nanostructures/refs/heads/main/Cubos_Enmallado\Cube_10.0_1.0_0.7_20250802-112641.json&mode=6&magnif=6
2.329,1.0,166000000.0,63900000.0,79600000.0,282.33913,Cube_10.0_1.0_20250802-112642,Silicon cubic,6.203506656207554,0.7,0.16119915,5846.174706140654,216,1.6428157,1.8448179,2.0739208,2.1312093,2.2202539,2.2410141,2,3,1,2,3,1,https://zibramax.github.io/FEMViewer/?mesh=https://raw.githubusercontent.com/ZibraMax/non-local-frequencies-nanostructures/refs/heads/main/Cubos_Enmallado\Cube_10.0_1.0_0.7_20250802-112642.json&mode=6&magnif=6
2.329,1.0,166000000.0,63900000.0,79600000.0,3050.7706,Cube_10.0_1.0_20250802-112643,Silicon cubic,6.203506656207554,0.7,0.16119915,5846.174706140654,729,1.6186846,1.817309,2.0097379,2.1117569,2.1814633,2.1972351,2,3,1,2,3,1,https://zibramax.github.io/FEMViewer/?mesh=https://raw.githubusercontent.com/ZibraMax/non-local-frequencies-nanostructures/refs/heads/main/Cubos_Enmallado\Cube_10.0_1.0_0.7_20250802-112643.json&mode=6&magnif=6
2.329,1.0,166000000.0,63900000.0,79600000.0,5552.242606,Cube_10.0_1.0_20250802-112644,Silicon cubic,6.203506656207554,0.7,0.16119915,5846.174706140654,1000,1.6149587,1.8129423,1.9999649,2.1080699,2.1754939,2.1903209,2,3,1,2,3,1,https://zibramax.github.io/FEMViewer/?mesh=https://raw.githubusercontent.com/ZibraMax/non-local-frequencies-nanostructures/refs/heads/main/Cubos_Enmallado\Cube_10.0_1.0_0.7_20250802-112644.json&mode=6&magnif=6
2.329,1.0,166000000.0,63900000.0,79600000.0,5.305114,Cube_10.0_1.0_20250802-112641,Silicon cubic,6.203506656207554,0.8,0.16119915,5846.174706140654,27,1.8321372,2.0485814,2.2600036,2.5257816,2.5275786,2.5375698,2,3,2,3,1,1,https://zibramax.github.io/FEMViewer/?mesh=https://raw.githubusercontent.com/ZibraMax/non-local-frequencies-nanostructures/refs/heads/main/Cubos_Enmallado\Cube_10.0_1.0_0.8_20250802-112641.json&mode=6&magnif=6
2.329,1.0,166000000.0,63900000.0,79600000.0,282.33913,Cube_10.0_1.0_20250802-112642,Silicon cubic,6.203506656207554,0.8,0.16119915,5846.174706140654,216,1.7014151,1.9081396,2.169849,2.1732485,2.3024551,2.3208939,2,3,1,2,3,1,https://zibramax.github.io/FEMViewer/?mesh=https://raw.githubusercontent.com/ZibraMax/non-local-frequencies-nanostructures/refs/heads/main/Cubos_Enmallado\Cube_10.0_1.0_0.8_20250802-112642.json&mode=6&magnif=6
2.329,1.0,166000000.0,63900000.0,79600000.0,3050.7706,Cube_10.0_1.0_20250802-112643,Silicon cubic,6.203506656207554,0.8,0.16119915,5846.174706140654,729,1.6761222,1.8787201,2.1005114,2.1521347,2.2607629,2.2748334,2,3,1,2,3,1,https://zibramax.github.io/FEMViewer/?mesh=https://raw.githubusercontent.com/ZibraMax/non-local-frequencies-nanostructures/refs/heads/main/Cubos_Enmallado\Cube_10.0_1.0_0.8_20250802-112643.json&mode=6&magnif=6
2.329,1.0,166000000.0,63900000.0,79600000.0,5552.242606,Cube_10.0_1.0_20250802-112644,Silicon cubic,6.203506656207554,0.8,0.16119915,5846.174706140654,1000,1.6722019,1.8740635,2.0899262,2.1483303,2.2543072,2.2675673,2,3,1,2,3,1,https://zibramax.github.io/FEMViewer/?mesh=https://raw.githubusercontent.com/ZibraMax/non-local-frequencies-nanostructures/refs/heads/main/Cubos_Enmallado\Cube_10.0_1.0_0.8_20250802-112644.json&mode=6&magnif=6
2.329,1.0,166000000.0,63900000.0,79600000.0,5.305114,Cube_10.0_1.0_20250802-112641,Silicon cubic,6.203506656207554,0.9,0.16119915,5846.174706140654,27,1.8905686,2.1156739,2.3033535,2.6073771,2.6217811,2.6409697,2,3,2,3,3,1,https://zibramax.github.io/FEMViewer/?mesh=https://raw.githubusercontent.com/ZibraMax/non-local-frequencies-nanostructures/refs/heads/main/Cubos_Enmallado\Cube_10.0_1.0_0.9_20250802-112641.json&mode=6&magnif=6
2.329,1.0,166000000.0,63900000.0,79600000.0,282.33913,Cube_10.0_1.0_20250802-112642,Silicon cubic,6.203506656207554,0.9,0.16119915,5846.174706140654,216,1.7576878,1.9691803,2.2143045,2.2616653,2.3765853,2.3974652,2,3,2,1,3,1,https://zibramax.github.io/FEMViewer/?mesh=https://raw.githubusercontent.com/ZibraMax/non-local-frequencies-nanostructures/refs/heads/main/Cubos_Enmallado\Cube_10.0_1.0_0.9_20250802-112642.json&mode=6&magnif=6
2.329,1.0,166000000.0,63900000.0,79600000.0,3050.7706,Cube_10.0_1.0_20250802-112643,Silicon cubic,6.203506656207554,0.9,0.16119915,5846.174706140654,729,1.7312866,1.9379155,2.1874736,2.1914896,2.332371,2.3491532,2,3,1,2,3,1,https://zibramax.github.io/FEMViewer/?mesh=https://raw.githubusercontent.com/ZibraMax/non-local-frequencies-nanostructures/refs/heads/main/Cubos_Enmallado\Cube_10.0_1.0_0.9_20250802-112643.json&mode=6&magnif=6
2.329,1.0,166000000.0,63900000.0,79600000.0,5552.242606,Cube_10.0_1.0_20250802-112644,Silicon cubic,6.203506656207554,0.9,0.16119915,5846.174706140654,1000,1.7271831,1.9329785,2.1761235,2.1875501,2.3255169,2.3415399,2,3,1,2,3,1,https://zibramax.github.io/FEMViewer/?mesh=https://raw.githubusercontent.com/ZibraMax/non-local-frequencies-nanostructures/refs/heads/main/Cubos_Enmallado\Cube_10.0_1.0_0.9_20250802-112644.json&mode=6&magnif=6
2.329,1.0,166000000.0,63900000.0,79600000.0,5.305114,Cube_10.0_1.0_20250802-112641,Silicon cubic,6.203506656207554,1.0,0.16119915,5846.174706140654,27,1.9469934,2.180572,2.3457075,2.6778213,2.7030911,2.7496748,2,3,2,3,3,1,https://zibramax.github.io/FEMViewer/?mesh=https://raw.githubusercontent.com/ZibraMax/non-local-frequencies-nanostructures/refs/heads/main/Cubos_Enmallado\Cube_10.0_1.0_1.0_20250802-112641.json&mode=6&magnif=6
2.329,1.0,166000000.0,63900000.0,79600000.0,282.33913,Cube_10.0_1.0_20250802-112642,Silicon cubic,6.203506656207554,1.0,0.16119915,5846.174706140654,216,1.8119354,2.0282062,2.2544738,2.3498637,2.4434798,2.471196,2,3,2,1,3,1,https://zibramax.github.io/FEMViewer/?mesh=https://raw.githubusercontent.com/ZibraMax/non-local-frequencies-nanostructures/refs/heads/main/Cubos_Enmallado\Cube_10.0_1.0_1.0_20250802-112642.json&mode=6&magnif=6
2.329,1.0,166000000.0,63900000.0,79600000.0,3050.7706,Cube_10.0_1.0_20250802-112643,Silicon cubic,6.203506656207554,1.0,0.16119915,5846.174706140654,729,1.7844716,1.9951592,2.229959,2.2710748,2.3971376,2.4206717,2,3,2,1,3,1,https://zibramax.github.io/FEMViewer/?mesh=https://raw.githubusercontent.com/ZibraMax/non-local-frequencies-nanostructures/refs/heads/main/Cubos_Enmallado\Cube_10.0_1.0_1.0_20250802-112643.json&mode=6&magnif=6
2.329,1.0,166000000.0,63900000.0,79600000.0,5552.242606,Cube_10.0_1.0_20250802-112644,Silicon cubic,6.203506656207554,1.0,0.16119915,5846.174706140654,1000,1.7801939,1.9899509,2.2258772,2.2590002,2.3899758,2.4127173,2,3,2,1,3,1,https://zibramax.github.io/FEMViewer/?mesh=https://raw.githubusercontent.com/ZibraMax/non-local-frequencies-nanostructures/refs/heads/main/Cubos_Enmallado\Cube_10.0_1.0_1.0_20250802-112644.json&mode=6&magnif=6
2.329,1.0,166000000.0,63900000.0,79600000.0,0.261555,Cube_20.0_1.0_20250731-223722,Silicon cubic,12.407013312415108,0.0,0.080599575,5846.174706140654,8,2.8965006,3.1439123,3.386445,3.9213798,3.9364938,3.9411281,2,3,2,1,3,1,https://zibramax.github.io/FEMViewer/?mesh=https://raw.githubusercontent.com/ZibraMax/non-local-frequencies-nanostructures/refs/heads/main/Cubos_Enmallado\Cube_20.0_1.0_0.0_20250731-223722.json&mode=6&magnif=6
2.329,1.0,166000000.0,63900000.0,79600000.0,229.55603,Cube_20.0_1.0_20250731-223726,Silicon cubic,12.407013312415108,0.0,0.080599575,5846.174706140654,216,1.4362045,1.6257919,1.7007978,1.8854549,1.9362014,2.0032705,2,3,1,3,3,1,https://zibramax.github.io/FEMViewer/?mesh=https://raw.githubusercontent.com/ZibraMax/non-local-frequencies-nanostructures/refs/heads/main/Cubos_Enmallado\Cube_20.0_1.0_0.0_20250731-223726.json&mode=6&magnif=6
2.329,1.0,166000000.0,63900000.0,79600000.0,4176.72351,Cube_20.0_1.0_20250731-223728,Silicon cubic,12.407013312415108,0.0,0.080599575,5846.174706140654,512,1.4076609,1.5968127,1.6719572,1.8479102,1.8922757,1.9609227,2,3,1,3,3,1,https://zibramax.github.io/FEMViewer/?mesh=https://raw.githubusercontent.com/ZibraMax/non-local-frequencies-nanostructures/refs/heads/main/Cubos_Enmallado\Cube_20.0_1.0_0.0_20250731-223728.json&mode=6&magnif=6
2.329,1.0,166000000.0,63900000.0,79600000.0,2958.619778,Cube_20.0_1.0_20250801-140814,Silicon cubic,12.407013312415108,0.0,0.080599575,5846.174706140654,1728,1.3966364,1.5873484,1.6587927,1.8307596,1.8726584,1.9382195,2,3,1,3,3,1,https://zibramax.github.io/FEMViewer/?mesh=https://raw.githubusercontent.com/ZibraMax/non-local-frequencies-nanostructures/refs/heads/main/Cubos_Enmallado\Cube_20.0_1.0_0.0_20250801-140814.json&mode=6&magnif=6
2.329,1.0,166000000.0,63900000.0,79600000.0,23254.627856,Cube_20.0_1.0_20250801-140815,Silicon cubic,12.407013312415108,0.0,0.080599575,5846.174706140654,4096,1.3975591,1.5894216,1.6587745,1.8289441,1.8704733,1.9332758,2,3,1,3,3,1,https://zibramax.github.io/FEMViewer/?mesh=https://raw.githubusercontent.com/ZibraMax/non-local-frequencies-nanostructures/refs/heads/main/Cubos_Enmallado\Cube_20.0_1.0_0.0_20250801-140815.json&mode=6&magnif=6
2.329,1.0,166000000.0,63900000.0,79600000.0,0.574077,Cube_20.0_1.0_20250801-195757,Silicon cubic,12.407013312415108,0.0,0.080599575,5846.174706140654,27,1.6794763,1.8690566,2.0698592,2.1402828,2.2853217,2.3234125,2,3,2,1,3,1,https://zibramax.github.io/FEMViewer/?mesh=https://raw.githubusercontent.com/ZibraMax/non-local-frequencies-nanostructures/refs/heads/main/Cubos_Enmallado\Cube_20.0_1.0_0.0_20250801-195757.json&mode=6&magnif=6
2.329,1.0,166000000.0,63900000.0,79600000.0,124.13142,Cube_20.0_1.0_20250801-195758,Silicon cubic,12.407013312415108,0.0,0.080599575,5846.174706140654,343,1.4088872,1.5962845,1.6732551,1.8520597,1.8976504,1.9683172,2,3,1,3,3,1,https://zibramax.github.io/FEMViewer/?mesh=https://raw.githubusercontent.com/ZibraMax/non-local-frequencies-nanostructures/refs/heads/main/Cubos_Enmallado\Cube_20.0_1.0_0.0_20250801-195758.json&mode=6&magnif=6
2.329,1.0,166000000.0,63900000.0,79600000.0,0.261555,Cube_20.0_1.0_20250731-223722,Silicon cubic,12.407013312415108,0.1,0.080599575,5846.174706140654,8,2.8306441,3.0747541,3.3035655,3.8532477,3.8592273,3.8641273,2,3,2,3,1,1,https://zibramax.github.io/FEMViewer/?mesh=https://raw.githubusercontent.com/ZibraMax/non-local-frequencies-nanostructures/refs/heads/main/Cubos_Enmallado\Cube_20.0_1.0_0.1_20250731-223722.json&mode=6&magnif=6
2.329,1.0,166000000.0,63900000.0,79600000.0,229.55603,Cube_20.0_1.0_20250731-223726,Silicon cubic,12.407013312415108,0.1,0.080599575,5846.174706140654,216,1.4829095,1.6752037,1.7792222,1.9618233,2.0088709,2.0530191,2,3,1,3,3,1,https://zibramax.github.io/FEMViewer/?mesh=https://raw.githubusercontent.com/ZibraMax/non-local-frequencies-nanostructures/refs/heads/main/Cubos_Enmallado\Cube_20.0_1.0_0.1_20250731-223726.json&mode=6&magnif=6
2.329,1.0,166000000.0,63900000.0,79600000.0,4176.72351,Cube_20.0_1.0_20250731-223728,Silicon cubic,12.407013312415108,0.1,0.080599575,5846.174706140654,512,1.4557492,1.6470564,1.7469069,1.92646,1.9671763,2.0231523,2,3,1,3,3,1,https://zibramax.github.io/FEMViewer/?mesh=https://raw.githubusercontent.com/ZibraMax/non-local-frequencies-nanostructures/refs/heads/main/Cubos_Enmallado\Cube_20.0_1.0_0.1_20250731-223728.json&mode=6&magnif=6
2.329,1.0,166000000.0,63900000.0,79600000.0,2958.619778,Cube_20.0_1.0_20250801-140814,Silicon cubic,12.407013312415108,0.1,0.080599575,5846.174706140654,1728,1.4452649,1.6376012,1.7311587,1.9116208,1.9496851,2.0221839,2,3,1,3,3,1,https://zibramax.github.io/FEMViewer/?mesh=https://raw.githubusercontent.com/ZibraMax/non-local-frequencies-nanostructures/refs/heads/main/Cubos_Enmallado\Cube_20.0_1.0_0.1_20250801-140814.json&mode=6&magnif=6
2.329,1.0,166000000.0,63900000.0,79600000.0,23254.627856,Cube_20.0_1.0_20250801-140815,Silicon cubic,12.407013312415108,0.1,0.080599575,5846.174706140654,4096,1.4463295,1.6396288,1.7302867,1.9116549,1.9493783,2.0299732,2,3,1,3,3,1,https://zibramax.github.io/FEMViewer/?mesh=https://raw.githubusercontent.com/ZibraMax/non-local-frequencies-nanostructures/refs/heads/main/Cubos_Enmallado\Cube_20.0_1.0_0.1_20250801-140815.json&mode=6&magnif=6
2.329,1.0,166000000.0,63900000.0,79600000.0,0.574077,Cube_20.0_1.0_20250801-195757,Silicon cubic,12.407013312415108,0.1,0.080599575,5846.174706140654,27,1.708296,1.9026545,2.0996719,2.208813,2.3345831,2.3643072,2,3,2,1,3,1,https://zibramax.github.io/FEMViewer/?mesh=https://raw.githubusercontent.com/ZibraMax/non-local-frequencies-nanostructures/refs/heads/main/Cubos_Enmallado\Cube_20.0_1.0_0.1_20250801-195757.json&mode=6&magnif=6
2.329,1.0,166000000.0,63900000.0,79600000.0,124.13142,Cube_20.0_1.0_20250801-195758,Silicon cubic,12.407013312415108,0.1,0.080599575,5846.174706140654,343,1.4574268,1.6473975,1.7507832,1.9305542,1.9723944,2.0158863,2,3,1,3,3,1,https://zibramax.github.io/FEMViewer/?mesh=https://raw.githubusercontent.com/ZibraMax/non-local-frequencies-nanostructures/refs/heads/main/Cubos_Enmallado\Cube_20.0_1.0_0.1_20250801-195758.json&mode=6&magnif=6
2.329,1.0,166000000.0,63900000.0,79600000.0,0.261555,Cube_20.0_1.0_20250731-223722,Silicon cubic,12.407013312415108,0.2,0.080599575,5846.174706140654,8,2.7632185,3.003995,3.2185525,3.763291,3.7903712,3.7960574,2,3,2,3,3,1,https://zibramax.github.io/FEMViewer/?mesh=https://raw.githubusercontent.com/ZibraMax/non-local-frequencies-nanostructures/refs/heads/main/Cubos_Enmallado\Cube_20.0_1.0_0.2_20250731-223722.json&mode=6&magnif=6
2.329,1.0,166000000.0,63900000.0,79600000.0,229.55603,Cube_20.0_1.0_20250731-223726,Silicon cubic,12.407013312415108,0.2,0.080599575,5846.174706140654,216,1.5260891,1.7208771,1.8528384,2.0312682,2.072813,2.077106,2,3,1,3,3,1,https://zibramax.github.io/FEMViewer/?mesh=https://raw.githubusercontent.com/ZibraMax/non-local-frequencies-nanostructures/refs/heads/main/Cubos_Enmallado\Cube_20.0_1.0_0.2_20250731-223726.json&mode=6&magnif=6
2.329,1.0,166000000.0,63900000.0,79600000.0,4176.72351,Cube_20.0_1.0_20250731-223728,Silicon cubic,12.407013312415108,0.2,0.080599575,5846.174706140654,512,1.4997098,1.6931087,1.8166164,1.9962583,2.0317341,2.0483642,2,3,1,3,3,1,https://zibramax.github.io/FEMViewer/?mesh=https://raw.githubusercontent.com/ZibraMax/non-local-frequencies-nanostructures/refs/heads/main/Cubos_Enmallado\Cube_20.0_1.0_0.2_20250731-223728.json&mode=6&magnif=6
2.329,1.0,166000000.0,63900000.0,79600000.0,2958.619778,Cube_20.0_1.0_20250801-140814,Silicon cubic,12.407013312415108,0.2,0.080599575,5846.174706140654,1728,1.4886898,1.6826362,1.7971778,1.9806953,2.0132646,2.0458314,2,3,1,3,3,1,https://zibramax.github.io/FEMViewer/?mesh=https://raw.githubusercontent.com/ZibraMax/non-local-frequencies-nanostructures/refs/heads/main/Cubos_Enmallado\Cube_20.0_1.0_0.2_20250801-140814.json&mode=6&magnif=6
2.329,1.0,166000000.0,63900000.0,79600000.0,23254.627856,Cube_20.0_1.0_20250801-140815,Silicon cubic,12.407013312415108,0.2,0.080599575,5846.174706140654,4096,1.4889608,1.6836393,1.7943833,1.9799179,2.0119367,2.0521335,2,3,1,3,3,1,https://zibramax.github.io/FEMViewer/?mesh=https://raw.githubusercontent.com/ZibraMax/non-local-frequencies-nanostructures/refs/heads/main/Cubos_Enmallado\Cube_20.0_1.0_0.2_20250801-140815.json&mode=6&magnif=6
2.329,1.0,166000000.0,63900000.0,79600000.0,0.574077,Cube_20.0_1.0_20250801-195757,Silicon cubic,12.407013312415108,0.2,0.080599575,5846.174706140654,27,1.7365819,1.9356224,2.1288333,2.2752761,2.3813535,2.404455,2,3,2,1,3,1,https://zibramax.github.io/FEMViewer/?mesh=https://raw.githubusercontent.com/ZibraMax/non-local-frequencies-nanostructures/refs/heads/main/Cubos_Enmallado\Cube_20.0_1.0_0.2_20250801-195757.json&mode=6&magnif=6
2.329,1.0,166000000.0,63900000.0,79600000.0,124.13142,Cube_20.0_1.0_20250801-195758,Silicon cubic,12.407013312415108,0.2,0.080599575,5846.174706140654,343,1.5021523,1.6945994,1.8232701,2.0012534,2.037851,2.0429033,2,3,1,3,3,1,https://zibramax.github.io/FEMViewer/?mesh=https://raw.githubusercontent.com/ZibraMax/non-local-frequencies-nanostructures/refs/heads/main/Cubos_Enmallado\Cube_20.0_1.0_0.2_20250801-195758.json&mode=6&magnif=6
2.329,1.0,166000000.0,63900000.0,79600000.0,0.261555,Cube_20.0_1.0_20250731-223722,Silicon cubic,12.407013312415108,0.3,0.080599575,5846.174706140654,8,2.6941059,2.9315176,3.1312323,3.6711012,3.7151415,3.7318184,2,3,2,3,3,1,https://zibramax.github.io/FEMViewer/?mesh=https://raw.githubusercontent.com/ZibraMax/non-local-frequencies-nanostructures/refs/heads/main/Cubos_Enmallado\Cube_20.0_1.0_0.3_20250731-223722.json&mode=6&magnif=6
2.329,1.0,166000000.0,63900000.0,79600000.0,229.55603,Cube_20.0_1.0_20250731-223726,Silicon cubic,12.407013312415108,0.3,0.080599575,5846.174706140654,216,1.5667841,1.7640677,1.922915,2.0957989,2.1005236,2.1314451,2,3,1,3,2,1,https://zibramax.github.io/FEMViewer/?mesh=https://raw.githubusercontent.com/ZibraMax/non-local-frequencies-nanostructures/refs/heads/main/Cubos_Enmallado\Cube_20.0_1.0_0.3_20250731-223726.json&mode=6&magnif=6
2.329,1.0,166000000.0,63900000.0,79600000.0,4176.72351,Cube_20.0_1.0_20250731-223728,Silicon cubic,12.407013312415108,0.3,0.080599575,5846.174706140654,512,1.5410599,1.7365979,1.8829156,2.0606715,2.073038,2.0907032,2,3,1,3,2,1,https://zibramax.github.io/FEMViewer/?mesh=https://raw.githubusercontent.com/ZibraMax/non-local-frequencies-nanostructures/refs/heads/main/Cubos_Enmallado\Cube_20.0_1.0_0.3_20250731-223728.json&mode=6&magnif=6
2.329,1.0,166000000.0,63900000.0,79600000.0,2958.619778,Cube_20.0_1.0_20250801-140814,Silicon cubic,12.407013312415108,0.3,0.080599575,5846.174706140654,1728,1.5293927,1.7249993,1.8598418,2.0439459,2.0688713,2.0709384,2,3,1,3,2,1,https://zibramax.github.io/FEMViewer/?mesh=https://raw.githubusercontent.com/ZibraMax/non-local-frequencies-nanostructures/refs/heads/main/Cubos_Enmallado\Cube_20.0_1.0_0.3_20250801-140814.json&mode=6&magnif=6
2.329,1.0,166000000.0,63900000.0,79600000.0,23254.627856,Cube_20.0_1.0_20250801-140815,Silicon cubic,12.407013312415108,0.3,0.080599575,5846.174706140654,4096,1.5288441,1.7249398,1.8551671,2.0421836,2.0684454,2.0736105,2,3,1,3,3,1,https://zibramax.github.io/FEMViewer/?mesh=https://raw.githubusercontent.com/ZibraMax/non-local-frequencies-nanostructures/refs/heads/main/Cubos_Enmallado\Cube_20.0_1.0_0.3_20250801-140815.json&mode=6&magnif=6
2.329,1.0,166000000.0,63900000.0,79600000.0,0.574077,Cube_20.0_1.0_20250801-195757,Silicon cubic,12.407013312415108,0.3,0.080599575,5846.174706140654,27,1.7643676,1.9679995,2.1574321,2.3398489,2.4255529,2.4438983,2,3,2,1,3,1,https://zibramax.github.io/FEMViewer/?mesh=https://raw.githubusercontent.com/ZibraMax/non-local-frequencies-nanostructures/refs/heads/main/Cubos_Enmallado\Cube_20.0_1.0_0.3_20250801-195757.json&mode=6&magnif=6
2.329,1.0,166000000.0,63900000.0,79600000.0,124.13142,Cube_20.0_1.0_20250801-195758,Silicon cubic,12.407013312415108,0.3,0.080599575,5846.174706140654,343,1.5443171,1.7392687,1.8922247,2.0667538,2.0693452,2.0979388,2,3,1,3,2,1,https://zibramax.github.io/FEMViewer/?mesh=https://raw.githubusercontent.com/ZibraMax/non-local-frequencies-nanostructures/refs/heads/main/Cubos_Enmallado\Cube_20.0_1.0_0.3_20250801-195758.json&mode=6&magnif=6
2.329,1.0,166000000.0,63900000.0,79600000.0,0.261555,Cube_20.0_1.0_20250731-223722,Silicon cubic,12.407013312415108,0.4,0.080599575,5846.174706140654,8,2.6231731,2.8571891,3.0414061,3.5764998,3.638345,3.666454,2,3,2,3,3,1,https://zibramax.github.io/FEMViewer/?mesh=https://raw.githubusercontent.com/ZibraMax/non-local-frequencies-nanostructures/refs/heads/main/Cubos_Enmallado\Cube_20.0_1.0_0.4_20250731-223722.json&mode=6&magnif=6
2.329,1.0,166000000.0,63900000.0,79600000.0,229.55603,Cube_20.0_1.0_20250731-223726,Silicon cubic,12.407013312415108,0.4,0.080599575,5846.174706140654,216,1.6055539,1.8053899,1.9900988,2.1234924,2.1562169,2.1863461,2,3,1,2,3,1,https://zibramax.github.io/FEMViewer/?mesh=https://raw.githubusercontent.com/ZibraMax/non-local-frequencies-nanostructures/refs/heads/main/Cubos_Enmallado\Cube_20.0_1.0_0.4_20250731-223726.json&mode=6&magnif=6
2.329,1.0,166000000.0,63900000.0,79600000.0,4176.72351,Cube_20.0_1.0_20250731-223728,Silicon cubic,12.407013312415108,0.4,0.080599575,5846.174706140654,512,1.5804497,1.7781908,1.9465068,2.0972669,2.1207651,2.1458541,2,3,1,2,3,1,https://zibramax.github.io/FEMViewer/?mesh=https://raw.githubusercontent.com/ZibraMax/non-local-frequencies-nanostructures/refs/heads/main/Cubos_Enmallado\Cube_20.0_1.0_0.4_20250731-223728.json&mode=6&magnif=6
2.329,1.0,166000000.0,63900000.0,79600000.0,2958.619778,Cube_20.0_1.0_20250801-140814,Silicon cubic,12.407013312415108,0.4,0.080599575,5846.174706140654,1728,1.5681293,1.7654508,1.9199408,2.0914647,2.1027163,2.1247168,2,3,1,2,3,1,https://zibramax.github.io/FEMViewer/?mesh=https://raw.githubusercontent.com/ZibraMax/non-local-frequencies-nanostructures/refs/heads/main/Cubos_Enmallado\Cube_20.0_1.0_0.4_20250801-140814.json&mode=6&magnif=6
2.329,1.0,166000000.0,63900000.0,79600000.0,23254.627856,Cube_20.0_1.0_20250801-140815,Silicon cubic,12.407013312415108,0.4,0.080599575,5846.174706140654,4096,1.56678,1.7643403,1.9134682,2.0946506,2.0999225,2.1210352,2,3,1,2,3,1,https://zibramax.github.io/FEMViewer/?mesh=https://raw.githubusercontent.com/ZibraMax/non-local-frequencies-nanostructures/refs/heads/main/Cubos_Enmallado\Cube_20.0_1.0_0.4_20250801-140815.json&mode=6&magnif=6
2.329,1.0,166000000.0,63900000.0,79600000.0,0.574077,Cube_20.0_1.0_20250801-195757,Silicon cubic,12.407013312415108,0.4,0.080599575,5846.174706140654,27,1.7916828,1.99982,2.1855314,2.4026843,2.467205,2.4826753,2,3,2,1,3,1,https://zibramax.github.io/FEMViewer/?mesh=https://raw.githubusercontent.com/ZibraMax/non-local-frequencies-nanostructures/refs/heads/main/Cubos_Enmallado\Cube_20.0_1.0_0.4_20250801-195757.json&mode=6&magnif=6
2.329,1.0,166000000.0,63900000.0,79600000.0,124.13142,Cube_20.0_1.0_20250801-195758,Silicon cubic,12.407013312415108,0.4,0.080599575,5846.174706140654,343,1.5845206,1.782031,1.9583262,2.0953083,2.1279911,2.1542867,2,3,1,2,3,1,https://zibramax.github.io/FEMViewer/?mesh=https://raw.githubusercontent.com/ZibraMax/non-local-frequencies-nanostructures/refs/heads/main/Cubos_Enmallado\Cube_20.0_1.0_0.4_20250801-195758.json&mode=6&magnif=6
2.329,1.0,166000000.0,63900000.0,79600000.0,0.261555,Cube_20.0_1.0_20250731-223722,Silicon cubic,12.407013312415108,0.5,0.080599575,5846.174706140654,8,2.5502681,2.7808583,2.948845,3.4792831,3.5598785,3.599903,2,3,2,3,3,1,https://zibramax.github.io/FEMViewer/?mesh=https://raw.githubusercontent.com/ZibraMax/non-local-frequencies-nanostructures/refs/heads/main/Cubos_Enmallado\Cube_20.0_1.0_0.5_20250731-223722.json&mode=6&magnif=6
2.329,1.0,166000000.0,63900000.0,79600000.0,229.55603,Cube_20.0_1.0_20250731-223726,Silicon cubic,12.407013312415108,0.5,0.080599575,5846.174706140654,216,1.6427532,1.8452081,2.054808,2.1460823,2.2128815,2.238414,2,3,1,2,3,1,https://zibramax.github.io/FEMViewer/?mesh=https://raw.githubusercontent.com/ZibraMax/non-local-frequencies-nanostructures/refs/heads/main/Cubos_Enmallado\Cube_20.0_1.0_0.5_20250731-223726.json&mode=6&magnif=6
2.329,1.0,166000000.0,63900000.0,79600000.0,4176.72351,Cube_20.0_1.0_20250731-223728,Silicon cubic,12.407013312415108,0.5,0.080599575,5846.174706140654,512,1.6182575,1.8182632,2.0078024,2.1211056,2.1770131,2.198132,2,3,1,2,3,1,https://zibramax.github.io/FEMViewer/?mesh=https://raw.githubusercontent.com/ZibraMax/non-local-frequencies-nanostructures/refs/heads/main/Cubos_Enmallado\Cube_20.0_1.0_0.5_20250731-223728.json&mode=6&magnif=6
2.329,1.0,166000000.0,63900000.0,79600000.0,2958.619778,Cube_20.0_1.0_20250801-140814,Silicon cubic,12.407013312415108,0.5,0.080599575,5846.174706140654,1728,1.6053009,1.8043898,1.9778953,2.1136865,2.1575684,2.1756015,2,3,1,2,3,1,https://zibramax.github.io/FEMViewer/?mesh=https://raw.githubusercontent.com/ZibraMax/non-local-frequencies-nanostructures/refs/heads/main/Cubos_Enmallado\Cube_20.0_1.0_0.5_20250801-140814.json&mode=6&magnif=6
2.329,1.0,166000000.0,63900000.0,79600000.0,23254.627856,Cube_20.0_1.0_20250801-140815,Silicon cubic,12.407013312415108,0.5,0.080599575,5846.174706140654,4096,1.6031767,1.8022501,1.969708,2.11534,2.1537254,2.1707345,2,3,1,2,3,1,https://zibramax.github.io/FEMViewer/?mesh=https://raw.githubusercontent.com/ZibraMax/non-local-frequencies-nanostructures/refs/heads/main/Cubos_Enmallado\Cube_20.0_1.0_0.5_20250801-140815.json&mode=6&magnif=6
2.329,1.0,166000000.0,63900000.0,79600000.0,0.574077,Cube_20.0_1.0_20250801-195757,Silicon cubic,12.407013312415108,0.5,0.080599575,5846.174706140654,27,1.8185536,2.0311145,2.2131787,2.4639157,2.5064777,2.5208208,2,3,2,1,3,1,https://zibramax.github.io/FEMViewer/?mesh=https://raw.githubusercontent.com/ZibraMax/non-local-frequencies-nanostructures/refs/heads/main/Cubos_Enmallado\Cube_20.0_1.0_0.5_20250801-195757.json&mode=6&magnif=6
2.329,1.0,166000000.0,63900000.0,79600000.0,124.13142,Cube_20.0_1.0_20250801-195758,Silicon cubic,12.407013312415108,0.5,0.080599575,5846.174706140654,343,1.6231266,1.8232505,2.021996,2.1208467,2.1854024,2.2077925,2,3,1,2,3,1,https://zibramax.github.io/FEMViewer/?mesh=https://raw.githubusercontent.com/ZibraMax/non-local-frequencies-nanostructures/refs/heads/main/Cubos_Enmallado\Cube_20.0_1.0_0.5_20250801-195758.json&mode=6&magnif=6
2.329,1.0,166000000.0,63900000.0,79600000.0,0.261555,Cube_20.0_1.0_20250731-223722,Silicon cubic,12.407013312415108,0.6,0.080599575,5846.174706140654,8,2.4752167,2.7023522,2.8532827,3.3792158,3.4796263,3.5320982,2,3,2,3,3,1,https://zibramax.github.io/FEMViewer/?mesh=https://raw.githubusercontent.com/ZibraMax/non-local-frequencies-nanostructures/refs/heads/main/Cubos_Enmallado\Cube_20.0_1.0_0.6_20250731-223722.json&mode=6&magnif=6
2.329,1.0,166000000.0,63900000.0,79600000.0,229.55603,Cube_20.0_1.0_20250731-223726,Silicon cubic,12.407013312415108,0.6,0.080599575,5846.174706140654,216,1.6786277,1.8837631,2.117346,2.1683348,2.2659404,2.2882194,2,3,1,2,3,1,https://zibramax.github.io/FEMViewer/?mesh=https://raw.githubusercontent.com/ZibraMax/non-local-frequencies-nanostructures/refs/heads/main/Cubos_Enmallado\Cube_20.0_1.0_0.6_20250731-223726.json&mode=6&magnif=6
2.329,1.0,166000000.0,63900000.0,79600000.0,4176.72351,Cube_20.0_1.0_20250731-223728,Silicon cubic,12.407013312415108,0.6,0.080599575,5846.174706140654,512,1.6547355,1.8570593,2.0670891,2.1445918,2.2296505,2.2481223,2,3,1,2,3,1,https://zibramax.github.io/FEMViewer/?mesh=https://raw.githubusercontent.com/ZibraMax/non-local-frequencies-nanostructures/refs/heads/main/Cubos_Enmallado\Cube_20.0_1.0_0.6_20250731-223728.json&mode=6&magnif=6
2.329,1.0,166000000.0,63900000.0,79600000.0,2958.619778,Cube_20.0_1.0_20250801-140814,Silicon cubic,12.407013312415108,0.6,0.080599575,5846.174706140654,1728,1.6411645,1.8420681,2.0339845,2.1355813,2.2087782,2.2241959,2,3,1,2,3,1,https://zibramax.github.io/FEMViewer/?mesh=https://raw.githubusercontent.com/ZibraMax/non-local-frequencies-nanostructures/refs/heads/main/Cubos_Enmallado\Cube_20.0_1.0_0.6_20250801-140814.json&mode=6&magnif=6
2.329,1.0,166000000.0,63900000.0,79600000.0,23254.627856,Cube_20.0_1.0_20250801-140815,Silicon cubic,12.407013312415108,0.6,0.080599575,5846.174706140654,4096,1.6382913,1.8389234,2.0241599,2.1357266,2.2038726,2.2181554,2,3,1,2,3,1,https://zibramax.github.io/FEMViewer/?mesh=https://raw.githubusercontent.com/ZibraMax/non-local-frequencies-nanostructures/refs/heads/main/Cubos_Enmallado\Cube_20.0_1.0_0.6_20250801-140815.json&mode=6&magnif=6
2.329,1.0,166000000.0,63900000.0,79600000.0,0.574077,Cube_20.0_1.0_20250801-195757,Silicon cubic,12.407013312415108,0.6,0.080599575,5846.174706140654,27,1.8450036,2.0619103,2.2404107,2.5236601,2.5436591,2.5583662,2,3,2,1,3,1,https://zibramax.github.io/FEMViewer/?mesh=https://raw.githubusercontent.com/ZibraMax/non-local-frequencies-nanostructures/refs/heads/main/Cubos_Enmallado\Cube_20.0_1.0_0.6_20250801-195757.json&mode=6&magnif=6
2.329,1.0,166000000.0,63900000.0,79600000.0,124.13142,Cube_20.0_1.0_20250801-195758,Silicon cubic,12.407013312415108,0.6,0.080599575,5846.174706140654,343,1.6603827,1.8631673,2.0835346,2.1459982,2.2392123,2.25902,2,3,1,2,3,1,https://zibramax.github.io/FEMViewer/?mesh=https://raw.githubusercontent.com/ZibraMax/non-local-frequencies-nanostructures/refs/heads/main/Cubos_Enmallado\Cube_20.0_1.0_0.6_20250801-195758.json&mode=6&magnif=6
2.329,1.0,166000000.0,63900000.0,79600000.0,0.261555,Cube_20.0_1.0_20250731-223722,Silicon cubic,12.407013312415108,0.7,0.080599575,5846.174706140654,8,2.3978174,2.6214706,2.754407,3.2760241,3.3974585,3.4394323,2,3,2,3,3,1,https://zibramax.github.io/FEMViewer/?mesh=https://raw.githubusercontent.com/ZibraMax/non-local-frequencies-nanostructures/refs/heads/main/Cubos_Enmallado\Cube_20.0_1.0_0.7_20250731-223722.json&mode=6&magnif=6
2.329,1.0,166000000.0,63900000.0,79600000.0,229.55603,Cube_20.0_1.0_20250731-223726,Silicon cubic,12.407013312415108,0.7,0.080599575,5846.174706140654,216,1.7133584,1.9212258,2.1779473,2.1902794,2.3154459,2.3361522,2,3,1,2,3,1,https://zibramax.github.io/FEMViewer/?mesh=https://raw.githubusercontent.com/ZibraMax/non-local-frequencies-nanostructures/refs/heads/main/Cubos_Enmallado\Cube_20.0_1.0_0.7_20250731-223726.json&mode=6&magnif=6
2.329,1.0,166000000.0,63900000.0,79600000.0,4176.72351,Cube_20.0_1.0_20250731-223728,Silicon cubic,12.407013312415108,0.7,0.080599575,5846.174706140654,512,1.6900652,1.8947511,2.1245846,2.1677535,2.2788172,2.2962204,2,3,1,2,3,1,https://zibramax.github.io/FEMViewer/?mesh=https://raw.githubusercontent.com/ZibraMax/non-local-frequencies-nanostructures/refs/heads/main/Cubos_Enmallado\Cube_20.0_1.0_0.7_20250731-223728.json&mode=6&magnif=6
2.329,1.0,166000000.0,63900000.0,79600000.0,2958.619778,Cube_20.0_1.0_20250801-140814,Silicon cubic,12.407013312415108,0.7,0.080599575,5846.174706140654,1728,1.6759016,1.8786608,2.0884147,2.1571794,2.2565109,2.2709031,2,3,1,2,3,1,https://zibramax.github.io/FEMViewer/?mesh=https://raw.githubusercontent.com/ZibraMax/non-local-frequencies-nanostructures/refs/heads/main/Cubos_Enmallado\Cube_20.0_1.0_0.7_20250801-140814.json&mode=6&magnif=6
2.329,1.0,166000000.0,63900000.0,79600000.0,23254.627856,Cube_20.0_1.0_20250801-140815,Silicon cubic,12.407013312415108,0.7,0.080599575,5846.174706140654,4096,1.6723036,1.8745353,2.0770237,2.1558417,2.2505251,2.2637042,2,3,1,2,3,1,https://zibramax.github.io/FEMViewer/?mesh=https://raw.githubusercontent.com/ZibraMax/non-local-frequencies-nanostructures/refs/heads/main/Cubos_Enmallado\Cube_20.0_1.0_0.7_20250801-140815.json&mode=6&magnif=6
2.329,1.0,166000000.0,63900000.0,79600000.0,0.574077,Cube_20.0_1.0_20250801-195757,Silicon cubic,12.407013312415108,0.7,0.080599575,5846.174706140654,27,1.8710542,2.0922324,2.267257,2.5790883,2.582021,2.5953405,2,3,2,3,1,1,https://zibramax.github.io/FEMViewer/?mesh=https://raw.githubusercontent.com/ZibraMax/non-local-frequencies-nanostructures/refs/heads/main/Cubos_Enmallado\Cube_20.0_1.0_0.7_20250801-195757.json&mode=6&magnif=6
2.329,1.0,166000000.0,63900000.0,79600000.0,124.13142,Cube_20.0_1.0_20250801-195758,Silicon cubic,12.407013312415108,0.7,0.080599575,5846.174706140654,343,1.6964696,1.9019525,2.1431724,2.1707917,2.2895623,2.3083535,2,3,1,2,3,1,https://zibramax.github.io/FEMViewer/?mesh=https://raw.githubusercontent.com/ZibraMax/non-local-frequencies-nanostructures/refs/heads/main/Cubos_Enmallado\Cube_20.0_1.0_0.7_20250801-195758.json&mode=6&magnif=6
2.329,1.0,166000000.0,63900000.0,79600000.0,0.261555,Cube_20.0_1.0_20250731-223722,Silicon cubic,12.407013312415108,0.8,0.080599575,5846.174706140654,8,2.3178349,2.5379799,2.6518471,3.1693853,3.3113657,3.3132284,2,3,2,3,3,1,https://zibramax.github.io/FEMViewer/?mesh=https://raw.githubusercontent.com/ZibraMax/non-local-frequencies-nanostructures/refs/heads/main/Cubos_Enmallado\Cube_20.0_1.0_0.8_20250731-223722.json&mode=6&magnif=6
2.329,1.0,166000000.0,63900000.0,79600000.0,229.55603,Cube_20.0_1.0_20250731-223726,Silicon cubic,12.407013312415108,0.8,0.080599575,5846.174706140654,216,1.7470837,1.9577241,2.2119389,2.2368006,2.3614441,2.3824934,2,3,2,1,3,1,https://zibramax.github.io/FEMViewer/?mesh=https://raw.githubusercontent.com/ZibraMax/non-local-frequencies-nanostructures/refs/heads/main/Cubos_Enmallado\Cube_20.0_1.0_0.8_20250731-223726.json&mode=6&magnif=6
2.329,1.0,166000000.0,63900000.0,79600000.0,4176.72351,Cube_20.0_1.0_20250731-223728,Silicon cubic,12.407013312415108,0.8,0.080599575,5846.174706140654,512,1.7243843,1.9314672,2.180462,2.1906129,2.3246464,2.3427097,2,3,1,2,3,1,https://zibramax.github.io/FEMViewer/?mesh=https://raw.githubusercontent.com/ZibraMax/non-local-frequencies-nanostructures/refs/heads/main/Cubos_Enmallado\Cube_20.0_1.0_0.8_20250731-223728.json&mode=6&magnif=6
2.329,1.0,166000000.0,63900000.0,79600000.0,2958.619778,Cube_20.0_1.0_20250801-140814,Silicon cubic,12.407013312415108,0.8,0.080599575,5846.174706140654,1728,1.7096482,1.9142973,2.1413479,2.1785036,2.3009171,2.3160102,2,3,1,2,3,1,https://zibramax.github.io/FEMViewer/?mesh=https://raw.githubusercontent.com/ZibraMax/non-local-frequencies-nanostructures/refs/heads/main/Cubos_Enmallado\Cube_20.0_1.0_0.8_20250801-140814.json&mode=6&magnif=6
2.329,1.0,166000000.0,63900000.0,79600000.0,23254.627856,Cube_20.0_1.0_20250801-140815,Silicon cubic,12.407013312415108,0.8,0.080599575,5846.174706140654,4096,1.7053479,1.9092151,2.1284551,2.175708,2.2938261,2.3076692,2,3,1,2,3,1,https://zibramax.github.io/FEMViewer/?mesh=https://raw.githubusercontent.com/ZibraMax/non-local-frequencies-nanostructures/refs/heads/main/Cubos_Enmallado\Cube_20.0_1.0_0.8_20250801-140815.json&mode=6&magnif=6
2.329,1.0,166000000.0,63900000.0,79600000.0,0.574077,Cube_20.0_1.0_20250801-195757,Silicon cubic,12.407013312415108,0.8,0.080599575,5846.174706140654,27,1.8967245,2.1221031,2.293742,2.6130876,2.63177,2.6390903,2,3,2,3,3,1,https://zibramax.github.io/FEMViewer/?mesh=https://raw.githubusercontent.com/ZibraMax/non-local-frequencies-nanostructures/refs/heads/main/Cubos_Enmallado\Cube_20.0_1.0_0.8_20250801-195757.json&mode=6&magnif=6
2.329,1.0,166000000.0,63900000.0,79600000.0,124.13142,Cube_20.0_1.0_20250801-195758,Silicon cubic,12.407013312415108,0.8,0.080599575,5846.174706140654,343,1.7315251,1.9397347,2.1952506,2.2010946,2.3365908,2.3560699,2,3,2,1,3,1,https://zibramax.github.io/FEMViewer/?mesh=https://raw.githubusercontent.com/ZibraMax/non-local-frequencies-nanostructures/refs/heads/main/Cubos_Enmallado\Cube_20.0_1.0_0.8_20250801-195758.json&mode=6&magnif=6
2.329,1.0,166000000.0,63900000.0,79600000.0,0.261555,Cube_20.0_1.0_20250731-223722,Silicon cubic,12.407013312415108,0.9,0.080599575,5846.174706140654,8,2.2349919,2.4516046,2.5451579,3.0589148,3.1781427,3.2267684,2,3,2,3,3,1,https://zibramax.github.io/FEMViewer/?mesh=https://raw.githubusercontent.com/ZibraMax/non-local-frequencies-nanostructures/refs/heads/main/Cubos_Enmallado\Cube_20.0_1.0_0.9_20250731-223722.json&mode=6&magnif=6
2.329,1.0,166000000.0,63900000.0,79600000.0,229.55603,Cube_20.0_1.0_20250731-223726,Silicon cubic,12.407013312415108,0.9,0.080599575,5846.174706140654,216,1.7799132,1.9933577,2.2333319,2.2940621,2.4040483,2.4274536,2,3,2,1,3,1,https://zibramax.github.io/FEMViewer/?mesh=https://raw.githubusercontent.com/ZibraMax/non-local-frequencies-nanostructures/refs/heads/main/Cubos_Enmallado\Cube_20.0_1.0_0.9_20250731-223726.json&mode=6&magnif=6
2.329,1.0,166000000.0,63900000.0,79600000.0,4176.72351,Cube_20.0_1.0_20250731-223728,Silicon cubic,12.407013312415108,0.9,0.080599575,5846.174706140654,512,1.757801,1.9673077,2.2131885,2.2348643,2.3673203,2.3878023,2,3,2,1,3,1,https://zibramax.github.io/FEMViewer/?mesh=https://raw.githubusercontent.com/ZibraMax/non-local-frequencies-nanostructures/refs/heads/main/Cubos_Enmallado\Cube_20.0_1.0_0.9_20250731-223728.json&mode=6&magnif=6
2.329,1.0,166000000.0,63900000.0,79600000.0,2958.619778,Cube_20.0_1.0_20250801-140814,Silicon cubic,12.407013312415108,0.9,0.080599575,5846.174706140654,1728,1.7425107,1.9490782,2.1929167,2.1995719,2.3421908,2.3597314,2,3,1,2,3,1,https://zibramax.github.io/FEMViewer/?mesh=https://raw.githubusercontent.com/ZibraMax/non-local-frequencies-nanostructures/refs/heads/main/Cubos_Enmallado\Cube_20.0_1.0_0.9_20250801-140814.json&mode=6&magnif=6
2.329,1.0,166000000.0,63900000.0,79600000.0,23254.627856,Cube_20.0_1.0_20250801-140815,Silicon cubic,12.407013312415108,0.9,0.080599575,5846.174706140654,4096,1.7375289,1.943062,2.1785806,2.1953429,2.3339636,2.3502653,2,3,1,2,3,1,https://zibramax.github.io/FEMViewer/?mesh=https://raw.githubusercontent.com/ZibraMax/non-local-frequencies-nanostructures/refs/heads/main/Cubos_Enmallado\Cube_20.0_1.0_0.9_20250801-140815.json&mode=6&magnif=6
2.329,1.0,166000000.0,63900000.0,79600000.0,0.574077,Cube_20.0_1.0_20250801-195757,Silicon cubic,12.407013312415108,0.9,0.080599575,5846.174706140654,27,1.9220321,2.1515433,2.3198863,2.6459279,2.6676794,2.6949503,2,3,2,3,3,1,https://zibramax.github.io/FEMViewer/?mesh=https://raw.githubusercontent.com/ZibraMax/non-local-frequencies-nanostructures/refs/heads/main/Cubos_Enmallado\Cube_20.0_1.0_0.9_20250801-195757.json&mode=6&magnif=6
2.329,1.0,166000000.0,63900000.0,79600000.0,124.13142,Cube_20.0_1.0_20250801-195758,Silicon cubic,12.407013312415108,0.9,0.080599575,5846.174706140654,343,1.7656584,1.9766146,2.2193943,2.2574538,2.3804861,2.4023774,2,3,2,1,3,1,https://zibramax.github.io/FEMViewer/?mesh=https://raw.githubusercontent.com/ZibraMax/non-local-frequencies-nanostructures/refs/heads/main/Cubos_Enmallado\Cube_20.0_1.0_0.9_20250801-195758.json&mode=6&magnif=6
2.329,1.0,166000000.0,63900000.0,79600000.0,0.261555,Cube_20.0_1.0_20250731-223722,Silicon cubic,12.407013312415108,1.0,0.080599575,5846.174706140654,8,2.1489577,2.3620154,2.4337962,2.9441464,3.0390852,3.1378864,2,3,2,3,3,1,https://zibramax.github.io/FEMViewer/?mesh=https://raw.githubusercontent.com/ZibraMax/non-local-frequencies-nanostructures/refs/heads/main/Cubos_Enmallado\Cube_20.0_1.0_1.0_20250731-223722.json&mode=6&magnif=6
2.329,1.0,166000000.0,63900000.0,79600000.0,229.55603,Cube_20.0_1.0_20250731-223726,Silicon cubic,12.407013312415108,1.0,0.080599575,5846.174706140654,216,1.8119354,2.0282062,2.2544738,2.3498637,2.4434798,2.471196,2,3,2,1,3,1,https://zibramax.github.io/FEMViewer/?mesh=https://raw.githubusercontent.com/ZibraMax/non-local-frequencies-nanostructures/refs/heads/main/Cubos_Enmallado\Cube_20.0_1.0_1.0_20250731-223726.json&mode=6&magnif=6
2.329,1.0,166000000.0,63900000.0,79600000.0,4176.72351,Cube_20.0_1.0_20250731-223728,Silicon cubic,12.407013312415108,1.0,0.080599575,5846.174706140654,512,1.7904027,2.002353,2.2354956,2.2879118,2.4070938,2.4316623,2,3,2,1,3,1,https://zibramax.github.io/FEMViewer/?mesh=https://raw.githubusercontent.com/ZibraMax/non-local-frequencies-nanostructures/refs/heads/main/Cubos_Enmallado\Cube_20.0_1.0_1.0_20250731-223728.json&mode=6&magnif=6
2.329,1.0,166000000.0,63900000.0,79600000.0,2958.619778,Cube_20.0_1.0_20250801-140814,Silicon cubic,12.407013312415108,1.0,0.080599575,5846.174706140654,1728,1.7745747,1.9830834,2.2203991,2.2432318,2.3805923,2.4022322,2,3,2,1,3,1,https://zibramax.github.io/FEMViewer/?mesh=https://raw.githubusercontent.com/ZibraMax/non-local-frequencies-nanostructures/refs/heads/main/Cubos_Enmallado\Cube_20.0_1.0_1.0_20250801-140814.json&mode=6&magnif=6
2.329,1.0,166000000.0,63900000.0,79600000.0,23254.627856,Cube_20.0_1.0_20250801-140815,Silicon cubic,12.407013312415108,1.0,0.080599575,5846.174706140654,4096,1.7689307,1.9761554,2.2147605,2.2275062,2.3711959,2.3916581,2,3,2,1,3,1,https://zibramax.github.io/FEMViewer/?mesh=https://raw.githubusercontent.com/ZibraMax/non-local-frequencies-nanostructures/refs/heads/main/Cubos_Enmallado\Cube_20.0_1.0_1.0_20250801-140815.json&mode=6&magnif=6
2.329,1.0,166000000.0,63900000.0,79600000.0,0.574077,Cube_20.0_1.0_20250801-195757,Silicon cubic,12.407013312415108,1.0,0.080599575,5846.174706140654,27,1.9469934,2.180572,2.3457075,2.6778213,2.7030911,2.7496748,2,3,2,3,3,1,https://zibramax.github.io/FEMViewer/?mesh=https://raw.githubusercontent.com/ZibraMax/non-local-frequencies-nanostructures/refs/heads/main/Cubos_Enmallado\Cube_20.0_1.0_1.0_20250801-195757.json&mode=6&magnif=6
2.329,1.0,166000000.0,63900000.0,79600000.0,124.13142,Cube_20.0_1.0_20250801-195758,Silicon cubic,12.407013312415108,1.0,0.080599575,5846.174706140654,343,1.7989579,2.0126736,2.2432397,2.3123793,2.4215062,2.4474378,2,3,2,1,3,1,https://zibramax.github.io/FEMViewer/?mesh=https://raw.githubusercontent.com/ZibraMax/non-local-frequencies-nanostructures/refs/heads/main/Cubos_Enmallado\Cube_20.0_1.0_1.0_20250801-195758.json&mode=6&magnif=6
2.329,1.0,166000000.0,63900000.0,79600000.0,710.866402,Cube_4.0_1.0_20250801-193201,Silicon cubic,2.481402662483022,0.0,0.402997875,5846.174706140654,216,0.2762303,0.2765997,0.2771975,0.2772282,0.2772364,0.277634,3,3,3,1,2,1,https://zibramax.github.io/FEMViewer/?mesh=https://raw.githubusercontent.com/ZibraMax/non-local-frequencies-nanostructures/refs/heads/main/Cubos_Enmallado\Cube_4.0_1.0_0.0_20250801-193201.json&mode=6&magnif=6
2.329,1.0,166000000.0,63900000.0,79600000.0,13433.215074,Cube_4.0_1.0_20250801-193202,Silicon cubic,2.481402662483022,0.0,0.402997875,5846.174706140654,1000,0.1658194,0.1659259,0.165992,0.1660181,0.1660236,0.1695133,3,3,1,3,2,1,https://zibramax.github.io/FEMViewer/?mesh=https://raw.githubusercontent.com/ZibraMax/non-local-frequencies-nanostructures/refs/heads/main/Cubos_Enmallado\Cube_4.0_1.0_0.0_20250801-193202.json&mode=6&magnif=6
2.329,1.0,166000000.0,63900000.0,79600000.0,57.32496,Cube_4.0_1.0_20250801-194730,Silicon cubic,2.481402662483022,0.0,0.402997875,5846.174706140654,64,0.3904299,0.3973894,0.3990954,0.4051372,0.4121545,0.4124007,1,1,3,3,2,1,https://zibramax.github.io/FEMViewer/?mesh=https://raw.githubusercontent.com/ZibraMax/non-local-frequencies-nanostructures/refs/heads/main/Cubos_Enmallado\Cube_4.0_1.0_0.0_20250801-194730.json&mode=6&magnif=6
2.329,1.0,166000000.0,63900000.0,79600000.0,57.645657,Cube_4.0_1.0_20250801-194939,Silicon cubic,2.481402662483022,0.0,0.402997875,5846.174706140654,64,0.3904299,0.3973894,0.3990954,0.4051372,0.4121545,0.4124007,1,1,3,3,2,1,https://zibramax.github.io/FEMViewer/?mesh=https://raw.githubusercontent.com/ZibraMax/non-local-frequencies-nanostructures/refs/heads/main/Cubos_Enmallado\Cube_4.0_1.0_0.0_20250801-194939.json&mode=6&magnif=6
2.329,1.0,166000000.0,63900000.0,79600000.0,57.297474,Cube_4.0_1.0_20250801-195531,Silicon cubic,2.481402662483022,0.0,0.402997875,5846.174706140654,64,0.3904299,0.3973894,0.3990954,0.4051372,0.4121545,0.4124007,1,1,3,3,2,1,https://zibramax.github.io/FEMViewer/?mesh=https://raw.githubusercontent.com/ZibraMax/non-local-frequencies-nanostructures/refs/heads/main/Cubos_Enmallado\Cube_4.0_1.0_0.0_20250801-195531.json&mode=6&magnif=6
2.329,1.0,166000000.0,63900000.0,79600000.0,9.849624,Cube_4.0_1.0_20250801-195656,Silicon cubic,2.481402662483022,0.0,0.402997875,5846.174706140654,27,0.4559918,0.4680007,0.4809907,0.4927012,0.5066288,0.5147858,1,2,1,3,3,1,https://zibramax.github.io/FEMViewer/?mesh=https://raw.githubusercontent.com/ZibraMax/non-local-frequencies-nanostructures/refs/heads/main/Cubos_Enmallado\Cube_4.0_1.0_0.0_20250801-195656.json&mode=6&magnif=6
2.329,1.0,166000000.0,63900000.0,79600000.0,225.841021,Cube_4.0_1.0_20250801-195713,Silicon cubic,2.481402662483022,0.0,0.402997875,5846.174706140654,125,0.3264354,0.3290426,0.3292577,0.3311293,0.3319016,0.3326298,1,3,1,3,3,1,https://zibramax.github.io/FEMViewer/?mesh=https://raw.githubusercontent.com/ZibraMax/non-local-frequencies-nanostructures/refs/heads/main/Cubos_Enmallado\Cube_4.0_1.0_0.0_20250801-195713.json&mode=6&magnif=6
2.329,1.0,166000000.0,63900000.0,79600000.0,710.866402,Cube_4.0_1.0_20250801-193201,Silicon cubic,2.481402662483022,0.1,0.402997875,5846.174706140654,216,0.77155,0.8581708,0.8895484,0.9682873,1.0174886,1.052458,2,1,3,3,2,1,https://zibramax.github.io/FEMViewer/?mesh=https://raw.githubusercontent.com/ZibraMax/non-local-frequencies-nanostructures/refs/heads/main/Cubos_Enmallado\Cube_4.0_1.0_0.1_20250801-193201.json&mode=6&magnif=6
2.329,1.0,166000000.0,63900000.0,79600000.0,13433.215074,Cube_4.0_1.0_20250801-193202,Silicon cubic,2.481402662483022,0.1,0.402997875,5846.174706140654,1000,0.7566326,0.8315438,0.8727585,0.9520876,0.9830412,1.0227814,2,1,3,3,2,1,https://zibramax.github.io/FEMViewer/?mesh=https://raw.githubusercontent.com/ZibraMax/non-local-frequencies-nanostructures/refs/heads/main/Cubos_Enmallado\Cube_4.0_1.0_0.1_20250801-193202.json&mode=6&magnif=6
2.329,1.0,166000000.0,63900000.0,79600000.0,57.32496,Cube_4.0_1.0_20250801-194730,Silicon cubic,2.481402662483022,0.1,0.402997875,5846.174706140654,64,0.8006405,0.9095135,0.9175529,0.999471,1.0852777,1.1028158,2,1,3,3,2,1,https://zibramax.github.io/FEMViewer/?mesh=https://raw.githubusercontent.com/ZibraMax/non-local-frequencies-nanostructures/refs/heads/main/Cubos_Enmallado\Cube_4.0_1.0_0.1_20250801-194730.json&mode=6&magnif=6
2.329,1.0,166000000.0,63900000.0,79600000.0,57.645657,Cube_4.0_1.0_20250801-194939,Silicon cubic,2.481402662483022,0.1,0.402997875,5846.174706140654,64,0.8006405,0.9095135,0.9175529,0.999471,1.0852777,1.1028158,2,1,3,3,2,1,https://zibramax.github.io/FEMViewer/?mesh=https://raw.githubusercontent.com/ZibraMax/non-local-frequencies-nanostructures/refs/heads/main/Cubos_Enmallado\Cube_4.0_1.0_0.1_20250801-194939.json&mode=6&magnif=6
2.329,1.0,166000000.0,63900000.0,79600000.0,57.297474,Cube_4.0_1.0_20250801-195531,Silicon cubic,2.481402662483022,0.1,0.402997875,5846.174706140654,64,0.8006405,0.9095135,0.9175529,0.999471,1.0852777,1.1028158,2,1,3,3,2,1,https://zibramax.github.io/FEMViewer/?mesh=https://raw.githubusercontent.com/ZibraMax/non-local-frequencies-nanostructures/refs/heads/main/Cubos_Enmallado\Cube_4.0_1.0_0.1_20250801-195531.json&mode=6&magnif=6
2.329,1.0,166000000.0,63900000.0,79600000.0,9.849624,Cube_4.0_1.0_20250801-195656,Silicon cubic,2.481402662483022,0.1,0.402997875,5846.174706140654,27,0.8422473,0.9502349,0.9791827,1.0431892,1.1617514,1.1794101,2,3,1,3,3,1,https://zibramax.github.io/FEMViewer/?mesh=https://raw.githubusercontent.com/ZibraMax/non-local-frequencies-nanostructures/refs/heads/main/Cubos_Enmallado\Cube_4.0_1.0_0.1_20250801-195656.json&mode=6&magnif=6
2.329,1.0,166000000.0,63900000.0,79600000.0,225.841021,Cube_4.0_1.0_20250801-195713,Silicon cubic,2.481402662483022,0.1,0.402997875,5846.174706140654,125,0.7817717,0.8763527,0.9000002,0.9793024,1.0412877,1.0711613,2,1,3,3,2,1,https://zibramax.github.io/FEMViewer/?mesh=https://raw.githubusercontent.com/ZibraMax/non-local-frequencies-nanostructures/refs/heads/main/Cubos_Enmallado\Cube_4.0_1.0_0.1_20250801-195713.json&mode=6&magnif=6
2.329,1.0,166000000.0,63900000.0,79600000.0,710.866402,Cube_4.0_1.0_20250801-193201,Silicon cubic,2.481402662483022,0.2,0.402997875,5846.174706140654,216,0.9533082,1.0829177,1.126502,1.2470887,1.3023104,1.3302887,2,3,1,3,3,1,https://zibramax.github.io/FEMViewer/?mesh=https://raw.githubusercontent.com/ZibraMax/non-local-frequencies-nanostructures/refs/heads/main/Cubos_Enmallado\Cube_4.0_1.0_0.2_20250801-193201.json&mode=6&magnif=6
2.329,1.0,166000000.0,63900000.0,79600000.0,13433.215074,Cube_4.0_1.0_20250801-193202,Silicon cubic,2.481402662483022,0.2,0.402997875,5846.174706140654,1000,0.9356666,1.0636738,1.0874383,1.2241685,1.2699735,1.2807887,2,3,1,3,3,1,https://zibramax.github.io/FEMViewer/?mesh=https://raw.githubusercontent.com/ZibraMax/non-local-frequencies-nanostructures/refs/heads/main/Cubos_Enmallado\Cube_4.0_1.0_0.2_20250801-193202.json&mode=6&magnif=6
2.329,1.0,166000000.0,63900000.0,79600000.0,57.32496,Cube_4.0_1.0_20250801-194730,Silicon cubic,2.481402662483022,0.2,0.402997875,5846.174706140654,64,0.9868174,1.1163493,1.2012964,1.2908355,1.3584069,1.4271941,2,3,1,3,3,1,https://zibramax.github.io/FEMViewer/?mesh=https://raw.githubusercontent.com/ZibraMax/non-local-frequencies-nanostructures/refs/heads/main/Cubos_Enmallado\Cube_4.0_1.0_0.2_20250801-194730.json&mode=6&magnif=6
2.329,1.0,166000000.0,63900000.0,79600000.0,57.645657,Cube_4.0_1.0_20250801-194939,Silicon cubic,2.481402662483022,0.2,0.402997875,5846.174706140654,64,0.9868174,1.1163493,1.2012964,1.2908355,1.3584069,1.4271941,2,3,1,3,3,1,https://zibramax.github.io/FEMViewer/?mesh=https://raw.githubusercontent.com/ZibraMax/non-local-frequencies-nanostructures/refs/heads/main/Cubos_Enmallado\Cube_4.0_1.0_0.2_20250801-194939.json&mode=6&magnif=6
2.329,1.0,166000000.0,63900000.0,79600000.0,57.297474,Cube_4.0_1.0_20250801-195531,Silicon cubic,2.481402662483022,0.2,0.402997875,5846.174706140654,64,0.9868174,1.1163493,1.2012964,1.2908355,1.3584069,1.4271941,2,3,1,3,3,1,https://zibramax.github.io/FEMViewer/?mesh=https://raw.githubusercontent.com/ZibraMax/non-local-frequencies-nanostructures/refs/heads/main/Cubos_Enmallado\Cube_4.0_1.0_0.2_20250801-195531.json&mode=6&magnif=6
2.329,1.0,166000000.0,63900000.0,79600000.0,9.849624,Cube_4.0_1.0_20250801-195656,Silicon cubic,2.481402662483022,0.2,0.402997875,5846.174706140654,27,1.0327995,1.1567618,1.3011201,1.3510662,1.4253284,1.525136,2,3,1,3,3,1,https://zibramax.github.io/FEMViewer/?mesh=https://raw.githubusercontent.com/ZibraMax/non-local-frequencies-nanostructures/refs/heads/main/Cubos_Enmallado\Cube_4.0_1.0_0.2_20250801-195656.json&mode=6&magnif=6
2.329,1.0,166000000.0,63900000.0,79600000.0,225.841021,Cube_4.0_1.0_20250801-195713,Silicon cubic,2.481402662483022,0.2,0.402997875,5846.174706140654,125,0.9652145,1.0952233,1.1530803,1.262604,1.3229817,1.3644244,2,3,1,3,3,1,https://zibramax.github.io/FEMViewer/?mesh=https://raw.githubusercontent.com/ZibraMax/non-local-frequencies-nanostructures/refs/heads/main/Cubos_Enmallado\Cube_4.0_1.0_0.2_20250801-195713.json&mode=6&magnif=6
2.329,1.0,166000000.0,63900000.0,79600000.0,710.866402,Cube_4.0_1.0_20250801-193201,Silicon cubic,2.481402662483022,0.3,0.402997875,5846.174706140654,216,1.1004084,1.2426432,1.3419668,1.4705075,1.5026856,1.5475014,2,3,1,3,3,1,https://zibramax.github.io/FEMViewer/?mesh=https://raw.githubusercontent.com/ZibraMax/non-local-frequencies-nanostructures/refs/heads/main/Cubos_Enmallado\Cube_4.0_1.0_0.3_20250801-193201.json&mode=6&magnif=6
2.329,1.0,166000000.0,63900000.0,79600000.0,13433.215074,Cube_4.0_1.0_20250801-193202,Silicon cubic,2.481402662483022,0.3,0.402997875,5846.174706140654,1000,1.0804662,1.2204012,1.2933934,1.4419138,1.4665595,1.4981755,2,3,1,3,3,1,https://zibramax.github.io/FEMViewer/?mesh=https://raw.githubusercontent.com/ZibraMax/non-local-frequencies-nanostructures/refs/heads/main/Cubos_Enmallado\Cube_4.0_1.0_0.3_20250801-193202.json&mode=6&magnif=6
2.329,1.0,166000000.0,63900000.0,79600000.0,57.32496,Cube_4.0_1.0_20250801-194730,Silicon cubic,2.481402662483022,0.3,0.402997875,5846.174706140654,64,1.1378625,1.2817458,1.4347002,1.5247638,1.5660506,1.6123278,2,3,1,3,3,1,https://zibramax.github.io/FEMViewer/?mesh=https://raw.githubusercontent.com/ZibraMax/non-local-frequencies-nanostructures/refs/heads/main/Cubos_Enmallado\Cube_4.0_1.0_0.3_20250801-194730.json&mode=6&magnif=6
2.329,1.0,166000000.0,63900000.0,79600000.0,57.645657,Cube_4.0_1.0_20250801-194939,Silicon cubic,2.481402662483022,0.3,0.402997875,5846.174706140654,64,1.1378625,1.2817458,1.4347002,1.5247638,1.5660506,1.6123278,2,3,1,3,3,1,https://zibramax.github.io/FEMViewer/?mesh=https://raw.githubusercontent.com/ZibraMax/non-local-frequencies-nanostructures/refs/heads/main/Cubos_Enmallado\Cube_4.0_1.0_0.3_20250801-194939.json&mode=6&magnif=6
2.329,1.0,166000000.0,63900000.0,79600000.0,57.297474,Cube_4.0_1.0_20250801-195531,Silicon cubic,2.481402662483022,0.3,0.402997875,5846.174706140654,64,1.1378625,1.2817458,1.4347002,1.5247638,1.5660506,1.6123278,2,3,1,3,3,1,https://zibramax.github.io/FEMViewer/?mesh=https://raw.githubusercontent.com/ZibraMax/non-local-frequencies-nanostructures/refs/heads/main/Cubos_Enmallado\Cube_4.0_1.0_0.3_20250801-195531.json&mode=6&magnif=6
2.329,1.0,166000000.0,63900000.0,79600000.0,9.849624,Cube_4.0_1.0_20250801-195656,Silicon cubic,2.481402662483022,0.3,0.402997875,5846.174706140654,27,1.1883796,1.329507,1.557743,1.5987614,1.6423843,1.6545009,2,3,1,3,3,1,https://zibramax.github.io/FEMViewer/?mesh=https://raw.githubusercontent.com/ZibraMax/non-local-frequencies-nanostructures/refs/heads/main/Cubos_Enmallado\Cube_4.0_1.0_0.3_20250801-195656.json&mode=6&magnif=6
2.329,1.0,166000000.0,63900000.0,79600000.0,225.841021,Cube_4.0_1.0_20250801-195713,Silicon cubic,2.481402662483022,0.3,0.402997875,5846.174706140654,125,1.1137792,1.2569783,1.3749634,1.4897983,1.5259473,1.5757407,2,3,1,3,3,1,https://zibramax.github.io/FEMViewer/?mesh=https://raw.githubusercontent.com/ZibraMax/non-local-frequencies-nanostructures/refs/heads/main/Cubos_Enmallado\Cube_4.0_1.0_0.3_20250801-195713.json&mode=6&magnif=6
2.329,1.0,166000000.0,63900000.0,79600000.0,710.866402,Cube_4.0_1.0_20250801-193201,Silicon cubic,2.481402662483022,0.4,0.402997875,5846.174706140654,216,1.2285771,1.3830862,1.5272718,1.6606748,1.6771018,1.6863163,2,3,1,3,3,1,https://zibramax.github.io/FEMViewer/?mesh=https://raw.githubusercontent.com/ZibraMax/non-local-frequencies-nanostructures/refs/heads/main/Cubos_Enmallado\Cube_4.0_1.0_0.4_20250801-193201.json&mode=6&magnif=6
2.329,1.0,166000000.0,63900000.0,79600000.0,13433.215074,Cube_4.0_1.0_20250801-193202,Silicon cubic,2.481402662483022,0.4,0.402997875,5846.174706140654,1000,1.2065697,1.3580337,1.4707203,1.6269494,1.6372199,1.6502794,2,3,1,3,3,1,https://zibramax.github.io/FEMViewer/?mesh=https://raw.githubusercontent.com/ZibraMax/non-local-frequencies-nanostructures/refs/heads/main/Cubos_Enmallado\Cube_4.0_1.0_0.4_20250801-193202.json&mode=6&magnif=6
2.329,1.0,166000000.0,63900000.0,79600000.0,57.32496,Cube_4.0_1.0_20250801-194730,Silicon cubic,2.481402662483022,0.4,0.402997875,5846.174706140654,64,1.2696479,1.4273647,1.6350668,1.7244486,1.7320551,1.7474724,2,3,1,3,2,1,https://zibramax.github.io/FEMViewer/?mesh=https://raw.githubusercontent.com/ZibraMax/non-local-frequencies-nanostructures/refs/heads/main/Cubos_Enmallado\Cube_4.0_1.0_0.4_20250801-194730.json&mode=6&magnif=6
2.329,1.0,166000000.0,63900000.0,79600000.0,57.645657,Cube_4.0_1.0_20250801-194939,Silicon cubic,2.481402662483022,0.4,0.402997875,5846.174706140654,64,1.2696479,1.4273647,1.6350668,1.7244486,1.7320551,1.7474724,2,3,1,3,2,1,https://zibramax.github.io/FEMViewer/?mesh=https://raw.githubusercontent.com/ZibraMax/non-local-frequencies-nanostructures/refs/heads/main/Cubos_Enmallado\Cube_4.0_1.0_0.4_20250801-194939.json&mode=6&magnif=6
2.329,1.0,166000000.0,63900000.0,79600000.0,57.297474,Cube_4.0_1.0_20250801-195531,Silicon cubic,2.481402662483022,0.4,0.402997875,5846.174706140654,64,1.2696479,1.4273647,1.6350668,1.7244486,1.7320551,1.7474724,2,3,1,3,2,1,https://zibramax.github.io/FEMViewer/?mesh=https://raw.githubusercontent.com/ZibraMax/non-local-frequencies-nanostructures/refs/heads/main/Cubos_Enmallado\Cube_4.0_1.0_0.4_20250801-195531.json&mode=6&magnif=6
2.329,1.0,166000000.0,63900000.0,79600000.0,9.849624,Cube_4.0_1.0_20250801-195656,Silicon cubic,2.481402662483022,0.4,0.402997875,5846.174706140654,27,1.3245134,1.4817007,1.7716813,1.7776641,1.8109446,1.8326997,2,3,2,1,3,1,https://zibramax.github.io/FEMViewer/?mesh=https://raw.githubusercontent.com/ZibraMax/non-local-frequencies-nanostructures/refs/heads/main/Cubos_Enmallado\Cube_4.0_1.0_0.4_20250801-195656.json&mode=6&magnif=6
2.329,1.0,166000000.0,63900000.0,79600000.0,225.841021,Cube_4.0_1.0_20250801-195713,Silicon cubic,2.481402662483022,0.4,0.402997875,5846.174706140654,125,1.2432777,1.3992896,1.5656545,1.6833831,1.7028829,1.7053478,2,3,1,3,3,1,https://zibramax.github.io/FEMViewer/?mesh=https://raw.githubusercontent.com/ZibraMax/non-local-frequencies-nanostructures/refs/heads/main/Cubos_Enmallado\Cube_4.0_1.0_0.4_20250801-195713.json&mode=6&magnif=6
2.329,1.0,166000000.0,63900000.0,79600000.0,710.866402,Cube_4.0_1.0_20250801-193201,Silicon cubic,2.481402662483022,0.5,0.402997875,5846.174706140654,216,1.3439915,1.5101576,1.6923851,1.7985911,1.827078,1.8341598,2,3,1,2,3,1,https://zibramax.github.io/FEMViewer/?mesh=https://raw.githubusercontent.com/ZibraMax/non-local-frequencies-nanostructures/refs/heads/main/Cubos_Enmallado\Cube_4.0_1.0_0.5_20250801-193201.json&mode=6&magnif=6
2.329,1.0,166000000.0,63900000.0,79600000.0,13433.215074,Cube_4.0_1.0_20250801-193202,Silicon cubic,2.481402662483022,0.5,0.402997875,5846.174706140654,1000,1.3200916,1.4825154,1.6288309,1.7682758,1.7886383,1.7907213,2,3,1,2,3,1,https://zibramax.github.io/FEMViewer/?mesh=https://raw.githubusercontent.com/ZibraMax/non-local-frequencies-nanostructures/refs/heads/main/Cubos_Enmallado\Cube_4.0_1.0_0.5_20250801-193202.json&mode=6&magnif=6
2.329,1.0,166000000.0,63900000.0,79600000.0,57.32496,Cube_4.0_1.0_20250801-194730,Silicon cubic,2.481402662483022,0.5,0.402997875,5846.174706140654,64,1.3884118,1.5591561,1.8134086,1.8403603,1.8996938,1.9110853,2,3,1,2,3,1,https://zibramax.github.io/FEMViewer/?mesh=https://raw.githubusercontent.com/ZibraMax/non-local-frequencies-nanostructures/refs/heads/main/Cubos_Enmallado\Cube_4.0_1.0_0.5_20250801-194730.json&mode=6&magnif=6
2.329,1.0,166000000.0,63900000.0,79600000.0,57.645657,Cube_4.0_1.0_20250801-194939,Silicon cubic,2.481402662483022,0.5,0.402997875,5846.174706140654,64,1.3884118,1.5591561,1.8134086,1.8403603,1.8996938,1.9110853,2,3,1,2,3,1,https://zibramax.github.io/FEMViewer/?mesh=https://raw.githubusercontent.com/ZibraMax/non-local-frequencies-nanostructures/refs/heads/main/Cubos_Enmallado\Cube_4.0_1.0_0.5_20250801-194939.json&mode=6&magnif=6
2.329,1.0,166000000.0,63900000.0,79600000.0,57.297474,Cube_4.0_1.0_20250801-195531,Silicon cubic,2.481402662483022,0.5,0.402997875,5846.174706140654,64,1.3884118,1.5591561,1.8134086,1.8403603,1.8996938,1.9110853,2,3,1,2,3,1,https://zibramax.github.io/FEMViewer/?mesh=https://raw.githubusercontent.com/ZibraMax/non-local-frequencies-nanostructures/refs/heads/main/Cubos_Enmallado\Cube_4.0_1.0_0.5_20250801-195531.json&mode=6&magnif=6
2.329,1.0,166000000.0,63900000.0,79600000.0,9.849624,Cube_4.0_1.0_20250801-195656,Silicon cubic,2.481402662483022,0.5,0.402997875,5846.174706140654,27,1.4473873,1.6194378,1.8804569,1.9732119,1.9979988,2.0045588,2,3,2,1,3,1,https://zibramax.github.io/FEMViewer/?mesh=https://raw.githubusercontent.com/ZibraMax/non-local-frequencies-nanostructures/refs/heads/main/Cubos_Enmallado\Cube_4.0_1.0_0.5_20250801-195656.json&mode=6&magnif=6
2.329,1.0,166000000.0,63900000.0,79600000.0,225.841021,Cube_4.0_1.0_20250801-195713,Silicon cubic,2.481402662483022,0.5,0.402997875,5846.174706140654,125,1.3599181,1.5280706,1.7354969,1.8153288,1.8529469,1.8623076,2,3,1,2,3,1,https://zibramax.github.io/FEMViewer/?mesh=https://raw.githubusercontent.com/ZibraMax/non-local-frequencies-nanostructures/refs/heads/main/Cubos_Enmallado\Cube_4.0_1.0_0.5_20250801-195713.json&mode=6&magnif=6
2.329,1.0,166000000.0,63900000.0,79600000.0,710.866402,Cube_4.0_1.0_20250801-193201,Silicon cubic,2.481402662483022,0.6,0.402997875,5846.174706140654,216,1.4499595,1.627161,1.8427526,1.9004379,1.9748944,1.9783833,2,3,1,2,3,1,https://zibramax.github.io/FEMViewer/?mesh=https://raw.githubusercontent.com/ZibraMax/non-local-frequencies-nanostructures/refs/heads/main/Cubos_Enmallado\Cube_4.0_1.0_0.6_20250801-193201.json&mode=6&magnif=6
2.329,1.0,166000000.0,63900000.0,79600000.0,13433.215074,Cube_4.0_1.0_20250801-193202,Silicon cubic,2.481402662483022,0.6,0.402997875,5846.174706140654,1000,1.4243027,1.5971209,1.7728851,1.8720648,1.9315983,1.9322467,2,3,1,2,3,1,https://zibramax.github.io/FEMViewer/?mesh=https://raw.githubusercontent.com/ZibraMax/non-local-frequencies-nanostructures/refs/heads/main/Cubos_Enmallado\Cube_4.0_1.0_0.6_20250801-193202.json&mode=6&magnif=6
2.329,1.0,166000000.0,63900000.0,79600000.0,57.32496,Cube_4.0_1.0_20250801-194730,Silicon cubic,2.481402662483022,0.6,0.402997875,5846.174706140654,64,1.4975086,1.6805063,1.9415002,1.9757079,2.0555232,2.0614366,2,3,2,1,3,1,https://zibramax.github.io/FEMViewer/?mesh=https://raw.githubusercontent.com/ZibraMax/non-local-frequencies-nanostructures/refs/heads/main/Cubos_Enmallado\Cube_4.0_1.0_0.6_20250801-194730.json&mode=6&magnif=6
2.329,1.0,166000000.0,63900000.0,79600000.0,57.645657,Cube_4.0_1.0_20250801-194939,Silicon cubic,2.481402662483022,0.6,0.402997875,5846.174706140654,64,1.4975086,1.6805063,1.9415002,1.9757079,2.0555232,2.0614366,2,3,2,1,3,1,https://zibramax.github.io/FEMViewer/?mesh=https://raw.githubusercontent.com/ZibraMax/non-local-frequencies-nanostructures/refs/heads/main/Cubos_Enmallado\Cube_4.0_1.0_0.6_20250801-194939.json&mode=6&magnif=6
2.329,1.0,166000000.0,63900000.0,79600000.0,57.297474,Cube_4.0_1.0_20250801-195531,Silicon cubic,2.481402662483022,0.6,0.402997875,5846.174706140654,64,1.4975086,1.6805063,1.9415002,1.9757079,2.0555232,2.0614366,2,3,2,1,3,1,https://zibramax.github.io/FEMViewer/?mesh=https://raw.githubusercontent.com/ZibraMax/non-local-frequencies-nanostructures/refs/heads/main/Cubos_Enmallado\Cube_4.0_1.0_0.6_20250801-195531.json&mode=6&magnif=6
2.329,1.0,166000000.0,63900000.0,79600000.0,9.849624,Cube_4.0_1.0_20250801-195656,Silicon cubic,2.481402662483022,0.6,0.402997875,5846.174706140654,27,1.5603673,1.7462392,1.9827218,2.1510498,2.162579,2.1648506,2,3,2,1,3,1,https://zibramax.github.io/FEMViewer/?mesh=https://raw.githubusercontent.com/ZibraMax/non-local-frequencies-nanostructures/refs/heads/main/Cubos_Enmallado\Cube_4.0_1.0_0.6_20250801-195656.json&mode=6&magnif=6
2.329,1.0,166000000.0,63900000.0,79600000.0,225.841021,Cube_4.0_1.0_20250801-195713,Silicon cubic,2.481402662483022,0.6,0.402997875,5846.174706140654,125,1.4670281,1.6466512,1.8901289,1.9165973,2.0036087,2.0087485,2,3,1,2,3,1,https://zibramax.github.io/FEMViewer/?mesh=https://raw.githubusercontent.com/ZibraMax/non-local-frequencies-nanostructures/refs/heads/main/Cubos_Enmallado\Cube_4.0_1.0_0.6_20250801-195713.json&mode=6&magnif=6
2.329,1.0,166000000.0,63900000.0,79600000.0,710.866402,Cube_4.0_1.0_20250801-193201,Silicon cubic,2.481402662483022,0.7,0.402997875,5846.174706140654,216,1.5485324,1.7362021,1.9817378,1.9956727,2.1076879,2.1125623,2,3,1,2,3,1,https://zibramax.github.io/FEMViewer/?mesh=https://raw.githubusercontent.com/ZibraMax/non-local-frequencies-nanostructures/refs/heads/main/Cubos_Enmallado\Cube_4.0_1.0_0.7_20250801-193201.json&mode=6&magnif=6
2.329,1.0,166000000.0,63900000.0,79600000.0,13433.215074,Cube_4.0_1.0_20250801-193202,Silicon cubic,2.481402662483022,0.7,0.402997875,5846.174706140654,1000,1.5212291,1.7039249,1.906077,1.9678688,2.0614722,2.0626219,2,3,1,2,3,1,https://zibramax.github.io/FEMViewer/?mesh=https://raw.githubusercontent.com/ZibraMax/non-local-frequencies-nanostructures/refs/heads/main/Cubos_Enmallado\Cube_4.0_1.0_0.7_20250801-193202.json&mode=6&magnif=6
2.329,1.0,166000000.0,63900000.0,79600000.0,57.32496,Cube_4.0_1.0_20250801-194730,Silicon cubic,2.481402662483022,0.7,0.402997875,5846.174706140654,64,1.5990256,1.7935898,2.0370815,2.1256462,2.1951137,2.2013701,2,3,2,1,3,1,https://zibramax.github.io/FEMViewer/?mesh=https://raw.githubusercontent.com/ZibraMax/non-local-frequencies-nanostructures/refs/heads/main/Cubos_Enmallado\Cube_4.0_1.0_0.7_20250801-194730.json&mode=6&magnif=6
2.329,1.0,166000000.0,63900000.0,79600000.0,57.645657,Cube_4.0_1.0_20250801-194939,Silicon cubic,2.481402662483022,0.7,0.402997875,5846.174706140654,64,1.5990256,1.7935898,2.0370815,2.1256462,2.1951137,2.2013701,2,3,2,1,3,1,https://zibramax.github.io/FEMViewer/?mesh=https://raw.githubusercontent.com/ZibraMax/non-local-frequencies-nanostructures/refs/heads/main/Cubos_Enmallado\Cube_4.0_1.0_0.7_20250801-194939.json&mode=6&magnif=6
2.329,1.0,166000000.0,63900000.0,79600000.0,57.297474,Cube_4.0_1.0_20250801-195531,Silicon cubic,2.481402662483022,0.7,0.402997875,5846.174706140654,64,1.5990256,1.7935898,2.0370815,2.1256462,2.1951137,2.2013701,2,3,2,1,3,1,https://zibramax.github.io/FEMViewer/?mesh=https://raw.githubusercontent.com/ZibraMax/non-local-frequencies-nanostructures/refs/heads/main/Cubos_Enmallado\Cube_4.0_1.0_0.7_20250801-195531.json&mode=6&magnif=6
2.329,1.0,166000000.0,63900000.0,79600000.0,9.849624,Cube_4.0_1.0_20250801-195656,Silicon cubic,2.481402662483022,0.7,0.402997875,5846.174706140654,27,1.6655648,1.8643781,2.079655,2.3096906,2.3138587,2.3152647,2,3,2,3,3,1,https://zibramax.github.io/FEMViewer/?mesh=https://raw.githubusercontent.com/ZibraMax/non-local-frequencies-nanostructures/refs/heads/main/Cubos_Enmallado\Cube_4.0_1.0_0.7_20250801-195656.json&mode=6&magnif=6
2.329,1.0,166000000.0,63900000.0,79600000.0,225.841021,Cube_4.0_1.0_20250801-195713,Silicon cubic,2.481402662483022,0.7,0.402997875,5846.174706140654,125,1.5666737,1.7571607,2.0118068,2.0330281,2.1388152,2.1450125,2,3,2,1,3,1,https://zibramax.github.io/FEMViewer/?mesh=https://raw.githubusercontent.com/ZibraMax/non-local-frequencies-nanostructures/refs/heads/main/Cubos_Enmallado\Cube_4.0_1.0_0.7_20250801-195713.json&mode=6&magnif=6
2.329,1.0,166000000.0,63900000.0,79600000.0,710.866402,Cube_4.0_1.0_20250801-193201,Silicon cubic,2.481402662483022,0.8,0.402997875,5846.174706140654,216,1.6410978,1.8387312,2.0858717,2.1115914,2.2284309,2.2385808,2,3,2,1,3,1,https://zibramax.github.io/FEMViewer/?mesh=https://raw.githubusercontent.com/ZibraMax/non-local-frequencies-nanostructures/refs/heads/main/Cubos_Enmallado\Cube_4.0_1.0_0.8_20250801-193201.json&mode=6&magnif=6
2.329,1.0,166000000.0,63900000.0,79600000.0,13433.215074,Cube_4.0_1.0_20250801-193202,Silicon cubic,2.481402662483022,0.8,0.402997875,5846.174706140654,1000,1.6122402,1.804352,2.0305474,2.0580484,2.1793028,2.1856531,2,3,1,2,3,1,https://zibramax.github.io/FEMViewer/?mesh=https://raw.githubusercontent.com/ZibraMax/non-local-frequencies-nanostructures/refs/heads/main/Cubos_Enmallado\Cube_4.0_1.0_0.8_20250801-193202.json&mode=6&magnif=6
2.329,1.0,166000000.0,63900000.0,79600000.0,57.32496,Cube_4.0_1.0_20250801-194730,Silicon cubic,2.481402662483022,0.8,0.402997875,5846.174706140654,64,1.6943784,1.8999093,2.128066,2.2656807,2.3212479,2.3328217,2,3,2,1,3,1,https://zibramax.github.io/FEMViewer/?mesh=https://raw.githubusercontent.com/ZibraMax/non-local-frequencies-nanostructures/refs/heads/main/Cubos_Enmallado\Cube_4.0_1.0_0.8_20250801-194730.json&mode=6&magnif=6
2.329,1.0,166000000.0,63900000.0,79600000.0,57.645657,Cube_4.0_1.0_20250801-194939,Silicon cubic,2.481402662483022,0.8,0.402997875,5846.174706140654,64,1.6943784,1.8999093,2.128066,2.2656807,2.3212479,2.3328217,2,3,2,1,3,1,https://zibramax.github.io/FEMViewer/?mesh=https://raw.githubusercontent.com/ZibraMax/non-local-frequencies-nanostructures/refs/heads/main/Cubos_Enmallado\Cube_4.0_1.0_0.8_20250801-194939.json&mode=6&magnif=6
2.329,1.0,166000000.0,63900000.0,79600000.0,57.297474,Cube_4.0_1.0_20250801-195531,Silicon cubic,2.481402662483022,0.8,0.402997875,5846.174706140654,64,1.6943784,1.8999093,2.128066,2.2656807,2.3212479,2.3328217,2,3,2,1,3,1,https://zibramax.github.io/FEMViewer/?mesh=https://raw.githubusercontent.com/ZibraMax/non-local-frequencies-nanostructures/refs/heads/main/Cubos_Enmallado\Cube_4.0_1.0_0.8_20250801-195531.json&mode=6&magnif=6
2.329,1.0,166000000.0,63900000.0,79600000.0,9.849624,Cube_4.0_1.0_20250801-195656,Silicon cubic,2.481402662483022,0.8,0.402997875,5846.174706140654,27,1.7644193,1.9754292,2.1720784,2.4469645,2.4479039,2.4685778,2,3,2,3,3,1,https://zibramax.github.io/FEMViewer/?mesh=https://raw.githubusercontent.com/ZibraMax/non-local-frequencies-nanostructures/refs/heads/main/Cubos_Enmallado\Cube_4.0_1.0_0.8_20250801-195656.json&mode=6&magnif=6
2.329,1.0,166000000.0,63900000.0,79600000.0,225.841021,Cube_4.0_1.0_20250801-195713,Silicon cubic,2.481402662483022,0.8,0.402997875,5846.174706140654,125,1.6602534,1.8610676,2.102211,2.1665191,2.2614987,2.2730014,2,3,2,1,3,1,https://zibramax.github.io/FEMViewer/?mesh=https://raw.githubusercontent.com/ZibraMax/non-local-frequencies-nanostructures/refs/heads/main/Cubos_Enmallado\Cube_4.0_1.0_0.8_20250801-195713.json&mode=6&magnif=6
2.329,1.0,166000000.0,63900000.0,79600000.0,710.866402,Cube_4.0_1.0_20250801-193201,Silicon cubic,2.481402662483022,0.9,0.402997875,5846.174706140654,216,1.7286507,1.9358012,2.1719363,2.2339074,2.3396793,2.3577888,2,3,2,1,3,1,https://zibramax.github.io/FEMViewer/?mesh=https://raw.githubusercontent.com/ZibraMax/non-local-frequencies-nanostructures/refs/heads/main/Cubos_Enmallado\Cube_4.0_1.0_0.9_20250801-193201.json&mode=6&magnif=6
2.329,1.0,166000000.0,63900000.0,79600000.0,13433.215074,Cube_4.0_1.0_20250801-193202,Silicon cubic,2.481402662483022,0.9,0.402997875,5846.174706140654,1000,1.6983173,1.8994346,2.143804,2.1478142,2.2881756,2.302021,2,3,2,1,3,1,https://zibramax.github.io/FEMViewer/?mesh=https://raw.githubusercontent.com/ZibraMax/non-local-frequencies-nanostructures/refs/heads/main/Cubos_Enmallado\Cube_4.0_1.0_0.9_20250801-193202.json&mode=6&magnif=6
2.329,1.0,166000000.0,63900000.0,79600000.0,57.32496,Cube_4.0_1.0_20250801-194730,Silicon cubic,2.481402662483022,0.9,0.402997875,5846.174706140654,64,1.7845837,2.0005575,2.2151242,2.3975481,2.436695,2.457185,2,3,2,1,3,1,https://zibramax.github.io/FEMViewer/?mesh=https://raw.githubusercontent.com/ZibraMax/non-local-frequencies-nanostructures/refs/heads/main/Cubos_Enmallado\Cube_4.0_1.0_0.9_20250801-194730.json&mode=6&magnif=6
2.329,1.0,166000000.0,63900000.0,79600000.0,57.645657,Cube_4.0_1.0_20250801-194939,Silicon cubic,2.481402662483022,0.9,0.402997875,5846.174706140654,64,1.7845837,2.0005575,2.2151242,2.3975481,2.436695,2.457185,2,3,2,1,3,1,https://zibramax.github.io/FEMViewer/?mesh=https://raw.githubusercontent.com/ZibraMax/non-local-frequencies-nanostructures/refs/heads/main/Cubos_Enmallado\Cube_4.0_1.0_0.9_20250801-194939.json&mode=6&magnif=6
2.329,1.0,166000000.0,63900000.0,79600000.0,57.297474,Cube_4.0_1.0_20250801-195531,Silicon cubic,2.481402662483022,0.9,0.402997875,5846.174706140654,64,1.7845837,2.0005575,2.2151242,2.3975481,2.436695,2.457185,2,3,2,1,3,1,https://zibramax.github.io/FEMViewer/?mesh=https://raw.githubusercontent.com/ZibraMax/non-local-frequencies-nanostructures/refs/heads/main/Cubos_Enmallado\Cube_4.0_1.0_0.9_20250801-195531.json&mode=6&magnif=6
2.329,1.0,166000000.0,63900000.0,79600000.0,9.849624,Cube_4.0_1.0_20250801-195656,Silicon cubic,2.481402662483022,0.9,0.402997875,5846.174706140654,27,1.857969,2.0805386,2.2606039,2.5671586,2.5786727,2.6129095,2,3,2,3,3,1,https://zibramax.github.io/FEMViewer/?mesh=https://raw.githubusercontent.com/ZibraMax/non-local-frequencies-nanostructures/refs/heads/main/Cubos_Enmallado\Cube_4.0_1.0_0.9_20250801-195656.json&mode=6&magnif=6
2.329,1.0,166000000.0,63900000.0,79600000.0,225.841021,Cube_4.0_1.0_20250801-195713,Silicon cubic,2.481402662483022,0.9,0.402997875,5846.174706140654,125,1.7487708,1.9594389,2.1885916,2.2922474,2.3742933,2.3940802,2,3,2,1,3,1,https://zibramax.github.io/FEMViewer/?mesh=https://raw.githubusercontent.com/ZibraMax/non-local-frequencies-nanostructures/refs/heads/main/Cubos_Enmallado\Cube_4.0_1.0_0.9_20250801-195713.json&mode=6&magnif=6
2.329,1.0,166000000.0,63900000.0,79600000.0,710.866402,Cube_4.0_1.0_20250801-193201,Silicon cubic,2.481402662483022,1.0,0.402997875,5846.174706140654,216,1.8119354,2.0282062,2.2544738,2.3498637,2.4434798,2.471196,2,3,2,1,3,1,https://zibramax.github.io/FEMViewer/?mesh=https://raw.githubusercontent.com/ZibraMax/non-local-frequencies-nanostructures/refs/heads/main/Cubos_Enmallado\Cube_4.0_1.0_1.0_20250801-193201.json&mode=6&magnif=6
2.329,1.0,166000000.0,63900000.0,79600000.0,13433.215074,Cube_4.0_1.0_20250801-193202,Silicon cubic,2.481402662483022,1.0,0.402997875,5846.174706140654,1000,1.7801939,1.9899509,2.2258772,2.2590002,2.3899758,2.4127173,2,3,2,1,3,1,https://zibramax.github.io/FEMViewer/?mesh=https://raw.githubusercontent.com/ZibraMax/non-local-frequencies-nanostructures/refs/heads/main/Cubos_Enmallado\Cube_4.0_1.0_1.0_20250801-193202.json&mode=6&magnif=6
2.329,1.0,166000000.0,63900000.0,79600000.0,57.32496,Cube_4.0_1.0_20250801-194730,Silicon cubic,2.481402662483022,1.0,0.402997875,5846.174706140654,64,1.8704032,2.0963596,2.2987598,2.5225303,2.5438965,2.5755058,2,3,2,1,3,1,https://zibramax.github.io/FEMViewer/?mesh=https://raw.githubusercontent.com/ZibraMax/non-local-frequencies-nanostructures/refs/heads/main/Cubos_Enmallado\Cube_4.0_1.0_1.0_20250801-194730.json&mode=6&magnif=6
2.329,1.0,166000000.0,63900000.0,79600000.0,57.645657,Cube_4.0_1.0_20250801-194939,Silicon cubic,2.481402662483022,1.0,0.402997875,5846.174706140654,64,1.8704032,2.0963596,2.2987598,2.5225303,2.5438965,2.5755058,2,3,2,1,3,1,https://zibramax.github.io/FEMViewer/?mesh=https://raw.githubusercontent.com/ZibraMax/non-local-frequencies-nanostructures/refs/heads/main/Cubos_Enmallado\Cube_4.0_1.0_1.0_20250801-194939.json&mode=6&magnif=6
2.329,1.0,166000000.0,63900000.0,79600000.0,57.297474,Cube_4.0_1.0_20250801-195531,Silicon cubic,2.481402662483022,1.0,0.402997875,5846.174706140654,64,1.8704032,2.0963596,2.2987598,2.5225303,2.5438965,2.5755058,2,3,2,1,3,1,https://zibramax.github.io/FEMViewer/?mesh=https://raw.githubusercontent.com/ZibraMax/non-local-frequencies-nanostructures/refs/heads/main/Cubos_Enmallado\Cube_4.0_1.0_1.0_20250801-195531.json&mode=6&magnif=6
2.329,1.0,166000000.0,63900000.0,79600000.0,9.849624,Cube_4.0_1.0_20250801-195656,Silicon cubic,2.481402662483022,1.0,0.402997875,5846.174706140654,27,1.9469934,2.180572,2.3457075,2.6778213,2.7030911,2.7496748,2,3,2,3,3,1,https://zibramax.github.io/FEMViewer/?mesh=https://raw.githubusercontent.com/ZibraMax/non-local-frequencies-nanostructures/refs/heads/main/Cubos_Enmallado\Cube_4.0_1.0_1.0_20250801-195656.json&mode=6&magnif=6
2.329,1.0,166000000.0,63900000.0,79600000.0,225.841021,Cube_4.0_1.0_20250801-195713,Silicon cubic,2.481402662483022,1.0,0.402997875,5846.174706140654,125,1.8329764,2.0530799,2.2715028,2.4114279,2.4793699,2.5092714,2,3,2,1,3,1,https://zibramax.github.io/FEMViewer/?mesh=https://raw.githubusercontent.com/ZibraMax/non-local-frequencies-nanostructures/refs/heads/main/Cubos_Enmallado\Cube_4.0_1.0_1.0_20250801-195713.json&mode=6&magnif=6
